{
    "addon_version": "4.0.21",
    "files": {
        "channels": [
            "absoluporn",
            "allpeliculasse",
            "animeflv",
            "animejl",
            "animemix",
            "animeonline",
            "animeyt",
            "areadocumental",
            "areshd",
            "cinecalidad",
            "cinecalidadla",
            "cinecalidadlol",
            "cinehdplus",
            "cinelibreonline",
            "creyente",
            "cuevana3pro",
            "cuevana3re",
            "cuevana3run",
            "documentaleson",
            "documentalesonline",
            "documentaryheaven",
            "documentarystorm",
            "dontorrents",
            "doramaexpress",
            "doramasmp4dev",
            "doramasqueenin",
            "elifilms",
            "elitetorrent",
            "elitetorrentnz",
            "entrepeliculasyseries",
            "estrenosanime",
            "estrenoscinesaa",
            "eztv",
            "flixcorn",
            "gnula",
            "gnula24",
            "gnula24h",
            "gnulacenter",
            "hacktorrent",
            "hdcinema",
            "hdfull",
            "henaojara",
            "henaojaran",
            "hentaijl",
            "hentaila",
            "hentaisd",
            "jkanime",
            "joinclub",
            "lamovie",
            "latanime",
            "megaserie",
            "mejortorrentapp",
            "mejortorrentnz",
            "mitorrent",
            "monoschinos",
            "moviesdvdr",
            "mundodesconocido",
            "mundodonghua",
            "mundodonghuaxyz",
            "netnovelas",
            "novelas",
            "onlinetv",
            "osjonosu",
            "papayaseries",
            "pasateatorrent",
            "pelis28re",
            "pelisgratishd",
            "pelisplushdnz",
            "pelisyseries",
            "pgratishd",
            "playdede",
            "playplus",
            "plushd",
            "porndude",
            "poseidonhd2",
            "rarbg",
            "repelishd",
            "series24",
            "seriesbiblicas",
            "serieskao",
            "seriesonline",
            "seriespapayato",
            "seriesplus",
            "seriesretro",
            "sololatino",
            "star",
            "tioanime",
            "tiodonghua",
            "tomadivx",
            "topdocumentaryfilms",
            "veranime",
            "verdocumentalesonline",
            "verflix",
            "vernovelas",
            "veronline",
            "verpelis",
            "villaanimex",
            "yandispoiler",
            "youjizz",
            "yts",
            "zerowpanime",
            "zonaleros",
            "zonapelis",
            "zoowomaniacos"
        ],
        "core": [
            "httptools",
            "requeststools",
            "servertools"
        ],
        "lib": [
            "decrypters"
        ],
        "modules": [
            "actions",
            "domains",
            "favoritos",
            "filmaffinitylists",
            "filters",
            "generos",
            "groups",
            "helper",
            "mainmenu",
            "proxysearch",
            "search",
            "submnuctext",
            "submnuteam",
            "tester",
            "tmdblists"
        ],
        "platformcode": [
            "platformtools"
        ],
        "resources": [
            "settings"
        ],
        "root dir": [
            "dominios",
            "msgfixed",
            "version"
        ],
        "servers": [
            "dailymotion",
            "gvideo",
            "mailru",
            "mediafire",
            "upstream",
            "various",
            "vimeo",
            "zures"
        ]
    },
    "fix_version": 11,
    "hash": "9f0e8964aebbe26d46d7cc77d0089200"
}