{
    "addon_version": "4.0.17",
    "files": {
        "channels": [
            "animemix",
            "animeonline",
            "animesenlatino",
            "animeyt",
            "asialive",
            "cineplay",
            "cinequinqui",
            "cuevana3pro",
            "documentaleson",
            "dontorrents",
            "dontorrentsin",
            "doramasmp4dev",
            "doramasyt",
            "ennovelastv",
            "entrepeliculasyseries",
            "estrenosdoramases",
            "filmoves",
            "frozenlayer",
            "gnula",
            "gnula24",
            "gnula24h",
            "henaojara",
            "henaojaran",
            "kissasian",
            "legalmentegratis",
            "mega1link",
            "megaserie",
            "mejortorrentapp",
            "pelis28re",
            "pelisgratishd",
            "pelisplushdlat",
            "pelisplushdnz",
            "pelisxd",
            "pelisyseries",
            "pgratishd",
            "ppeliculas",
            "pplus",
            "series24",
            "serieses",
            "serieskao",
            "seriesplus",
            "sololatino",
            "telenovela",
            "tgx",
            "trailers",
            "verflix",
            "zoowomaniacos"
        ],
        "core": [
            "httptools",
            "requeststools",
            "servertools"
        ],
        "lib": [
            "decrypters"
        ],
        "modules": [
            "actions",
            "filters",
            "generos",
            "groups",
            "helper",
            "mainmenu",
            "search",
            "submnuctext",
            "submnuteam",
            "tester"
        ],
        "platformcode": [
            "platformtools"
        ],
        "resources": [
            "settings"
        ],
        "root dir": [
            "dominios",
            "version"
        ],
        "servers": [
            "various",
            "zures"
        ]
    },
    "fix_version": 5,
    "hash": "81a34374d9307825615200d17e2a7e4a"
}