<?xml version="1.0" encoding="UTF-8"?>
<!-- Foundation -->
<window type="dialog" id="1142">
    <defaultcontrol always="true">8000</defaultcontrol>
    <onunload condition="!String.IsEmpty(Window(Home).Property(RunWizardHub))">ActivateWindow(1143)</onunload>
    <!-- <onunload>AlarmClock(reloadskin,ReloadSkin(),00:00,silent,false)</onunload> -->
    <controls>
        <include>Global_Overlay</include>
        <control type="group">
            <include content="Dialog_Standard_Group">
                <param name="width" value="1800" />
                <param name="height" value="726" />
            </include>

            <control type="label">
                <description>Header Label</description>
                <label>[CAPITALIZE]$LOCALIZE[31585][/CAPITALIZE]</label> <!-- Movie Hub Configuration -->
                <textcolor>grey</textcolor>
                <shadowcolor>dimgrey</shadowcolor>
                <font>font_heading_small</font>
                <include>Dialog_Standard_Header</include>
            </control>
            <!-- Image -->
            <control type="group">
                <left>20</left>
                <width>1060</width>
                <top>100</top>
                <height>600</height>
                <control type="image">
                    <aspectratio scalediffuse="false">keep</aspectratio>
                    <texture background="true" fallback="special://skin/fanart.jpg" diffuse="diffuse/1117.png">$INFO[Window.Property(Image_Preview)]</texture>
                </control>
                <control type="image">
                    <aspectratio scalediffuse="false">center</aspectratio>
                    <visible>[Control.HasFocus(8001) + !String.Contains(Control.GetLabel(9001),*)] | [Control.HasFocus(9002) + !String.Contains(Control.GetLabel(9002),*)] | [Control.HasFocus(9003) + !String.Contains(Control.GetLabel(9003),*)] | [Control.HasFocus(9004) + !String.Contains(Control.GetLabel(9004),*)] | [Control.HasFocus(9005) + !String.Contains(Control.GetLabel(9005),*)] | [Control.HasFocus(9006) + !String.Contains(Control.GetLabel(9006),*)] | [Control.HasFocus(9007) + !String.Contains(Control.GetLabel(9007),*)] | [Control.HasFocus(9008) + !String.Contains(Control.GetLabel(9008),*)] | [Control.HasFocus(9009) + !String.Contains(Control.GetLabel(9009),*)] | [Control.HasFocus(9010) + !String.Contains(Control.GetLabel(9010),*)]</visible>
                </control>
            </control>

            <control type="grouplist" id="8000">
                <description>Control Area</description>
                <right>20</right>
                <width>680</width>
                <top>100</top>
                <height>600</height>
                <itemgap>10</itemgap>
                <orientation>vertical</orientation>
                <pagecontrol>60</pagecontrol>
                <usecontrolcoords>true</usecontrolcoords>
                       <control type="button" id="8001" description="Movie Lists Items">
                            <include>Dialog_Standard_ListButton</include>
                            <label>$LOCALIZE[31586]</label> <!-- Movie Lists Hub Items -->
                            <onfocus>SetProperty(Image_Preview,special://skin/extras/backgrounds/viewmodes/hub-movie-categories.jpg)</onfocus>
            		     <onclick>RunScript(script.skinshortcuts,type=manage&amp;group=x1102)</onclick>
                        </control>
                        <control type="button" id="8002" description="Movie Aura Hub Items">
                            <include>Dialog_Standard_ListButton</include>
                            <label>$LOCALIZE[31587]</label> <!-- Movie Aura Hub Items -->
                            <onfocus>SetProperty(Image_Preview,special://skin/extras/backgrounds/viewmodes/hub-movie-aura.jpg)</onfocus>
			    <onclick>RunScript(script.skinshortcuts,type=manage&amp;group=aurahubmovies)</onclick> 
                        </control>
                        <control type="radiobutton" id="80021" description="Movie Aura Hub Items">
                            <include>Dialog_Standard_ListButton</include>
                            <radioposx>630</radioposx>
                            <label> - $LOCALIZE[31588]</label> <!-- Enable Compact Widget spacing -->
                            <selected>Skin.HasSetting(AuraHubSpacingSmall)</selected>
                            <onclick>Skin.ToggleSetting(AuraHubSpacingSmall)</onclick>
                            <onfocus>SetProperty(Image_Preview,special://skin/extras/backgrounds/viewmodes/hub-movie-aura-small.jpg)</onfocus>
                        </control>
                        <control type="button" id="8003" description="Movie Netflix Hub Items">
                            <include>Dialog_Standard_ListButton</include>
                            <label>$LOCALIZE[31589]</label> <!-- Movie Netflix Hub Items -->
                            <onfocus>SetProperty(Image_Preview,special://skin/extras/backgrounds/viewmodes/hub-movie-netflix.jpg)</onfocus>
			    <onclick>RunScript(script.skinshortcuts,type=manage&amp;group=netflixhubmovies)</onclick>
                        </control>
                        <control type="button" id="8004" description="Movie Genre Hub Items">
                            <include>Dialog_Standard_ListButton</include>
                            <label>$LOCALIZE[31590]</label> <!-- Movie Genre Hub Items -->
                            <onfocus>SetProperty(Image_Preview,special://skin/extras/backgrounds/viewmodes/hub-movie-genres.jpg)</onfocus>
			    <onclick>RunScript(script.skinshortcuts,type=manage&amp;group=x1108)</onclick>
                        </control>
						<control type="button" id="805" description="Continuar">
                            <include>Dialog_Standard_ListButton</include>
							<label align="center">[COLOR cyan]Continuar[/COLOR]</label>
                            <onclick condition="String.IsEmpty(Window(Home).Property(RunWizard))">ReloadSkin()</onclick>
                            <onclick condition="!String.IsEmpty(Window(Home).Property(RunWizard))">Close</onclick>
                            <onclick condition="!String.IsEmpty(Window(Home).Property(RunWizard))">ReplaceWindow(1143)</onclick>
                            <onfocus>SetProperty(Image_Preview,special://skin/extras/backgrounds/viewmodes/vdestacados.jpg)</onfocus>
                        </control>
			            		
           </control>
        </control>
    </controls>
</window>
