<?xml version="1.0" encoding="UTF-8"?>
<!-- Foundation -->
<fonts>
    <fontset id="Default" unicode="true">
        <font>
            <name>font_widgetslide_info_plot</name>
            <filename>SegoeUI.ttf</filename>
            <linespacing>0.9</linespacing>
            <size>24</size>
        </font>
        <font>
            <name>font_osd_lang</name>
            <filename>RobotoCondensed-Regular.ttf</filename>
            <size>10</size>
        </font>
        <font>
            <name>font_heading_top</name>
            <style>uppercase</style>
            <filename>RobotoCondensed-Light.ttf</filename>
            <size>26</size>
            <aspect>0.9</aspect>
        </font>
        <font>
            <name>font_heading_top</name>
            <style>uppercase</style>
            <filename>RobotoCondensed-Light.ttf</filename>
            <size>26</size>
            <aspect>0.9</aspect>
        </font>
        <font>
            <name>font_heading_small</name>
            <style>uppercase</style>
            <filename>RobotoCondensed-Spaced-Caps.ttf</filename>
            <size>26</size>
            <aspect>0.9</aspect>
        </font>
        <font>
            <name>font_heading_date</name>
            <style>uppercase</style>
            <filename>RobotoCondesned-LessSpaced-Caps.ttf</filename>
            <size>26</size>
            <aspect>0.9</aspect>
        </font>
        <font>
            <name>font_heading_medium</name>
            <style>uppercase</style>
            <filename>RobotoCondensed-Spaced-Caps.ttf</filename>
            <size>35</size>
            <aspect>0.9</aspect>
        </font>
        <font>
            <name>font_spaced_small</name>
            <filename>RobotoCondensed-Spaced.ttf</filename>
            <size>22</size>
            <aspect>0.9</aspect>
        </font>
        <font>
            <name>font_heading_topbar</name>
            <filename>RobotoCondensed-Bold.ttf</filename>
            <size>40</size>
            <aspect>0.9</aspect>
            <style>bold</style>
        </font>
        <font>
            <name>font_heading</name>
            <style>uppercase</style>
            <filename>RobotoCondensed-Spaced-Caps.ttf</filename>
            <aspect>0.9</aspect>
            <size>46</size>
        </font>
        <font>
            <name>font_heading_spot</name>
            <style>uppercase</style>
            <filename>RobotoCondensed-Regular.ttf</filename>
            <aspect>0.9</aspect>
            <size>46</size>
        </font>
        <font>
            <name>font_heading</name>
            <style>uppercase</style>
            <filename>RobotoCondensed-Spaced-Caps.ttf</filename>
            <size>46</size>
        </font>
        <!-- Standard Fonts -->
        <font>
            <name>category_widget_title</name>
            <filename>lyrics/BOXING.ttf</filename>
            <aspect>1.3</aspect>
            <style>lowercase</style>
            <linespacing>0.9</linespacing>
            <size>34</size>
        </font>
        <font>
            <name>font_widgetbar_bold</name>
            <filename>RobotoCondensed-Bold.ttf</filename>
            <size>34</size>
        </font>
        <font>
            <name>netflix_heading_small</name>
            <filename>lyrics/BOXING.ttf</filename>
            <aspect>1.3</aspect>
            <style>lowercase</style>
            <linespacing>0.9</linespacing>
            <size>44</size>
        </font>
        <font>
            <name>spotlight_widget_heading</name>
            <filename>lyrics/BOXING.ttf</filename>
            <aspect>1.3</aspect>
            <style>lowercase</style>
            <linespacing>0.9</linespacing>
            <size>44</size>
        </font>
<!--
        <font>
            <name>spotlight_heading</name>
            <filename>lyrics/BOXING.ttf</filename>
            <aspect>1.3</aspect>
            <style>lowercase</style>
            <linespacing>0.9</linespacing>
            <size>50</size>
        </font>
-->
        <font>
            <name>spotlight_heading</name>
            <filename>Bold-new.ttf</filename>
            <aspect>1.3</aspect>
            <linespacing>0.9</linespacing>
            <size>48</size>
        </font>
        <font>
            <name>spotlight_heading_small</name>
            <filename>Bold-new.ttf</filename>
            <aspect>1.3</aspect>
            <linespacing>0.9</linespacing>
            <size>40</size>
        </font>
	<font>
            <name>netflix_heading</name>
            <filename>Bold-new.ttf</filename>
            <aspect>1.3</aspect>
            <linespacing>0.9</linespacing>
            <size>46</size>
        </font>
        <font>
            <name>search_heading</name>
            <filename>Regular-new.ttf</filename>
            <aspect>1.3</aspect>
            <linespacing>0.9</linespacing>
            <size>44</size>
        </font>
        <font>
            <name>Netflix_Info_main</name>
            <filename>Regular-new.ttf</filename>
            <size>22</size>
        </font>
	<font>
            <name>widget_trakt_title</name>
            <filename>Bold-new.ttf</filename>
            <size>26</size>
        </font>
	<font>
            <name>widget_trakt_title2</name>
            <filename>Regular-new.ttf</filename>
            <size>22</size>
        </font>
	<font>
            <name>widget_live_title</name>
            <filename>Bold-new.ttf</filename>
            <size>26</size>
        </font>
	<font>
            <name>widget_overlaybutton</name>
            <filename>Bold-new.ttf</filename>
            <size>16</size>
        </font>
	<font>
            <name>font_posterdetails_label</name>
            <filename>Bold-new.ttf</filename>
            <size>34</size>
        </font>
	<font>
            <name>font_widget_time</name>
            <filename>RobotoCondensed-Regular.ttf</filename>
            <size>20</size>
        </font>
	<font>
            <name>font_widget_plot</name>
            <filename>RobotoCondensed-Regular.ttf</filename>
            <size>24</size>
        </font>
	<font>
            <name>font_posterdetail_small</name>
            <filename>RobotoCondensed-Bold.ttf</filename>
            <size>22</size>
        </font>
        <font>
            <name>font_medium</name>
            <filename>RobotoCondensed-Regular.ttf</filename>
            <size>38</size>
        </font>
        <font>
            <name>font_medium_bold</name>
            <filename>RobotoCondensed-Bold.ttf</filename>
            <size>38</size>
        </font>
        <font>
            <name>font_large_bold</name>
            <filename>RobotoCondensed-Bold.ttf</filename>
            <size>42</size>
        </font>
        <font>
            <name>font_xlarge_bold</name>
            <filename>Gotham Black Regular.ttf</filename>
            <size>50</size>
        </font>
        <font>
            <name>font_info_buttons</name>
            <filename>RobotoCondensed-Bold-Caps.ttf</filename>
            <size>20</size>
            <style>uppercase</style>
        </font>
        <font>
            <name>font_small</name>
            <filename>RobotoCondensed-Regular.ttf</filename>
            <size>30</size>
        </font>
        <font>
            <name>font_small_mono</name>
            <filename>RobotoMono-Bold.ttf</filename>
            <size>30</size>
            <aspect>0.8</aspect>
        </font>
        <font>
            <name>font_small_bold</name>
            <filename>RobotoCondensed-Bold.ttf</filename>
            <size>30</size>
        </font>
        <font>
            <name>font_small_light</name>
            <filename>RobotoCondensed-Light.ttf</filename>
            <size>30</size>
        </font>
        <font>
            <name>font_tiny</name>
            <filename>RobotoCondensed-Regular.ttf</filename>
            <size>26</size>
        </font>
        <font>
            <name>font_tiny_bold</name>
            <filename>RobotoCondensed-Bold.ttf</filename>
            <size>26</size>
        </font>
        <font>
            <name>font_tiny_uppercase</name>
            <filename>RobotoCondensed-Regular.ttf</filename>
            <size>26</size>
            <style>uppercase</style>
        </font>
        <font>
            <name>font_tiny_bold_uppercase</name>
            <filename>RobotoCondensed-Bold.ttf</filename>
            <size>26</size>
            <style>uppercase</style>
        </font>
        <font>
            <name>font_small_bold_uppercase</name>
            <filename>RobotoCondensed-Bold.ttf</filename>
            <size>28</size>
            <style>uppercase</style>
        </font>
        <font>
            <name>font_button</name>
            <style>uppercase</style>
            <filename>RobotoCondensed-Regular.ttf</filename>
            <size>24</size>
        </font>
        <font>
            <name>font_statusbar</name>
            <filename>RobotoCondensed-Regular.ttf</filename>
            <size>22</size>
        </font>
        <font>
            <name>font_unwatched</name>
            <filename>RobotoCondensed-Bold.ttf</filename>
            <size>16</size>
        </font>
        <font>
            <name>font_fps</name>
            <filename>RobotoCondensed-Bold.ttf</filename>
            <size>16</size>
        </font>

        <!-- Plot Font -->
        <font>
            <name>font_plot_widgetinfo</name>
            <filename>Roboto-Regular-LineSpacingMod.ttf</filename>
            <size>26</size>
            <linespacing>1</linespacing>
            <aspect>0.9</aspect>
        </font>
        <font>
            <name>font_plotbox</name>
            <filename>Roboto-Regular-LineSpacingMod.ttf</filename>
            <size>30</size>
            <linespacing>1</linespacing>
            <aspect>0.9</aspect>
        </font>
        <font>
            <name>font_textviewer</name>
            <filename>Roboto-Regular-LineSpacingMod.ttf</filename>
            <size>30</size>
            <linespacing>1</linespacing>
            <aspect>0.9</aspect>
        </font>

        <font>
            <name>font_osd_mainmenu</name>
            <style>uppercase</style>
            <filename>RobotoCondensed-Regular.ttf</filename>
            <size>26</size>
        </font>
        <font>
            <name>font_osd_submenu</name>
            <style>uppercase</style>
            <filename>RobotoCondensed-Regular.ttf</filename>
            <size>22</size>
        </font>

        <!-- Poster text for years and countries etc -->
        <font>
            <name>font_bigposter_text</name>
            <filename>RobotoCondensed-Regular.ttf</filename>
            <size>90</size>
        </font>
        <font>
            <name>font_poster_text</name>
            <filename>RobotoCondensed-Regular.ttf</filename>
            <size>48</size>
        </font>

        <!-- Music visualisation scrolling text -->
        <font>
            <name>font_musicvis_biggest</name>
            <filename>RobotoCondensed-Light.ttf</filename>
            <size>230</size>
        </font>
        <font>
            <name>font_musicvis_bigger</name>
            <filename>RobotoCondensed-Light.ttf</filename>
            <size>130</size>
        </font>
        <font>
            <name>font_musicvis_big</name>
            <filename>RobotoCondensed-Light.ttf</filename>
            <size>80</size>
        </font>

        <!-- Music visualisation info -->
        <font>
            <name>font_musicvis_title</name>
            <filename>RobotoCondensed-Bold.ttf</filename>
            <size>84</size>
        </font>
        <font>
            <name>font_musicvis_album</name>
            <filename>RobotoCondensed-Light.ttf</filename>
            <size>50</size>
        </font>
        <font>
            <name>font_lyrics_bold</name>
            <filename>RobotoCondensed-Bold.ttf</filename>
            <size>70</size>
        </font>

        <!-- Big weather temp -->        
        <font>
            <name>font_weather_currenttemp</name>
            <filename>RobotoCondensed-Bold.ttf</filename>
            <size>150</size>
        </font>

        <!-- Plot info overlay -->
        <font>
            <name>font_overlay_title</name>
            <filename>RobotoCondensed-Bold.ttf</filename>
            <size>100</size>
            <aspect>0.9</aspect>
            <style>bold</style>
        </font>
        <font>
            <name>font_overlay_plotbox</name>
            <filename>RobotoCondensed-Light.ttf</filename>
            <size>48</size>
            <linespacing>1.16</linespacing>
        </font>

        <!-- Showcase title font -->
        <font>
            <name>font_showcase_title</name>
            <filename>RobotoCondensed-Regular.ttf</filename>
            <size>64</size>
            <aspect>0.9</aspect>
        </font>
        <font>
            <name>font_title</name>
            <filename>RobotoCondensed-Bold.ttf</filename>
            <size>48</size>
            <aspect>0.9</aspect>
            <style>bold</style>
        </font>
        <font>
            <name>font_title_small</name>
            <filename>RobotoCondensed-Bold.ttf</filename>
            <size>40</size>
            <aspect>0.9</aspect>
            <style>bold</style>
        </font>
        <font>
            <name>font_topbar</name>
            <filename>RobotoCondensed-Bold.ttf</filename>
            <size>40</size>
            <aspect>0.9</aspect>
            <style>bold</style>
        </font>
        <font>
            <name>font_topbar_small</name>
            <filename>RobotoCondensed-Light.ttf</filename>
            <size>25</size>
        </font>
        <font>
            <name>font_notification</name>
            <filename>RobotoCondensed-Bold.ttf</filename>
            <size>30</size>
            <aspect>0.9</aspect>
            <style>bold</style>
        </font>
        
        <!-- EPG Timeline time and date -->
        <font>
            <name>font_epg_timeline</name>
            <filename>RobotoCondensed-Regular.ttf</filename>
            <size>24</size>
        </font>
        



        <!-- Required for system -->
	<font>
            <name>font10</name>
            <filename>RobotoCondensed-Regular.ttf</filename>
            <size>21</size>
        </font>
        <font>
            <name>font12</name>
            <filename>RobotoCondensed-Regular.ttf</filename>
            <size>26</size>
        </font>
        <font>
            <name>font13</name>
            <filename>RobotoCondensed-Regular.ttf</filename>
            <size>30</size>
        </font>
        <font>
            <name>Clock</name>
            <filename>RobotoCondensed-Bold.ttf</filename>
            <size>130</size>
        </font>

        <!-- Video Lyrics -->
        <font>
            <name>lyr1</name>
            <filename>lyrics/Theboldfont.ttf</filename>
            <linespacing>0.9</linespacing>
            <size>120</size>
        </font>
        <font>
            <name>lyr1b</name>
            <filename>lyrics/PollerOne.ttf</filename>
            <aspect>0.9</aspect>
            <size>60</size>
        </font>
        <font>
            <name>lyr2</name>
            <filename>lyrics/SF Distant Galaxy.ttf</filename>
            <style>lowercase</style>
            <linespacing>0.9</linespacing>
            <size>120</size>
        </font>
        <font>
            <name>lyr2b</name>
            <filename>lyrics/Fredoka One.ttf</filename>
            <linespacing>0.9</linespacing>
            <size>58</size>
        </font>
        <font>
            <name>lyr3</name>
            <filename>lyrics/Luckiest Guy.ttf</filename>
            <style>uppercase</style>
            <linespacing>0.9</linespacing>
            <size>125</size>
        </font>
        <font>
            <name>lyr3b</name>
            <filename>lyrics/Exo2-BlackItalic.ttf</filename>
            <linespacing>0.85</linespacing>
            <size>62</size>
        </font>
        <font>
            <name>lyr4</name>
            <filename>lyrics/Geomancy - Extra Bold.ttf</filename>
            <linespacing>0.9</linespacing>
            <size>120</size>
        </font>
        <font>
            <name>lyr4b</name>
            <filename>lyrics/Ranchers-Regular.ttf</filename>
            <aspect>1.4</aspect>
            <linespacing>0.9</linespacing>
            <size>54</size>
        </font>
        <font>
            <name>lyr5</name>
            <filename>lyrics/BOXING.ttf</filename>
            <aspect>1.3</aspect>
            <style>lowercase</style>
            <linespacing>0.9</linespacing>
            <size>104</size>
        </font>
        <font>
            <name>lyr5b</name>
            <filename>lyrics/nasalization-rg.ttf</filename>
            <style>bold</style>
            <size>54</size>
        </font>
        <font>
            <name>lyr6</name>
            <filename>lyrics/Theboldfont.ttf</filename>
            <linespacing>0.9</linespacing>
            <size>120</size>
        </font>
        <font>
            <name>lyr6b</name>
            <filename>lyrics/PollerOne.ttf</filename>
            <aspect>0.9</aspect>
            <size>60</size>
        </font>
        <font>
            <name>lyr7</name>
            <style>uppercase</style>
            <filename>lyrics/Luckiest Guy.ttf</filename>
            <size>110</size>
        </font>
        <font>
            <name>lyr7a</name>
            <style>uppercase</style>
            <filename>lyrics/Luckiest Guy.ttf</filename>
            <size>155</size>
        </font>
        <font>
            <name>lyr7b</name>
            <style>uppercase</style>
            <filename>lyrics/Luckiest Guy.ttf</filename>
            <size>205</size>
        </font>
        <font>
            <name>lyr7c</name>
            <filename>lyrics/Exo2-BlackItalic.ttf</filename>
            <linespacing>0.85</linespacing>
            <size>60</size>
        </font>
        <font>
            <name>lyr8</name>
            <filename>lyrics/SF Distant Galaxy.ttf</filename>
            <style>lowercase</style>
            <linespacing>0.9</linespacing>
            <size>120</size>
        </font>
        <font>
            <name>lyr8b</name>
            <filename>lyrics/nasalization-rg.ttf</filename>
            <style>bold</style>
            <size>54</size>
        </font>
        <font>
            <name>lyr9</name>
            <filename>lyrics/Geomancy - Extra Bold.ttf</filename>
            <linespacing>0.9</linespacing>
            <size>130</size>
        </font>
        <font>
            <name>lyr9b</name>
            <filename>lyrics/Fredoka One.ttf</filename>
            <linespacing>0.9</linespacing>
            <size>58</size>
        </font>
        <font>
            <name>lyr10</name>
            <filename>lyrics/SF Distant Galaxy.ttf</filename>
            <style>lowercase</style>
            <linespacing>0.9</linespacing>
            <size>120</size>
        </font>
        <font>
            <name>lyr10b</name>
            <filename>lyrics/Ranchers-Regular.ttf</filename>
            <aspect>1.4</aspect>
            <linespacing>0.9</linespacing>
            <size>52</size>
        </font>
        <font>
            <name>lyr11</name>
            <filename>lyrics/Theboldfont.ttf</filename>
            <linespacing>0.9</linespacing>
            <size>120</size>
        </font>
        <font>
            <name>lyr11b</name>
            <filename>lyrics/PollerOne.ttf</filename>
            <aspect>0.9</aspect>
            <size>60</size>
        </font>
        <font>
            <name>lyr12</name>
            <filename>lyrics/BOXING.ttf</filename>
            <style>lowercase</style>
            <linespacing>0.9</linespacing>
            <size>275</size>
        </font>
        <font>
            <name>lyr12b</name>
            <filename>lyrics/BOXING.ttf</filename>
            <style>lowercase</style>
            <linespacing>0.9</linespacing>
            <size>165</size>
        </font>
        <font>
            <name>lyr12c</name>
            <filename>lyrics/BOXING.ttf</filename>
            <style>lowercase</style>
            <linespacing>0.9</linespacing>
            <size>220</size>
        </font>
        <font>
            <name>lyr12d</name>
            <filename>lyrics/Fredoka One.ttf</filename>
            <linespacing>0.9</linespacing>
            <size>58</size>
        </font>
        <font>
            <name>lyr13</name>
            <filename>lyrics/SF Distant Galaxy.ttf</filename>
            <style>lowercase</style>
            <linespacing>0.9</linespacing>
            <size>120</size>
        </font>
        <font>
            <name>lyr13b</name>
            <filename>lyrics/Exo2-BlackItalic.ttf</filename>
            <linespacing>0.85</linespacing>
            <size>62</size>
        </font> 
        <font>
            <name>lyr14</name>
            <style>uppercase</style>
            <filename>lyrics/Luckiest Guy.ttf</filename>
            <size>140</size>
        </font>
        <font>
            <name>lyr14b</name>
            <filename>lyrics/Ranchers-Regular.ttf</filename>
            <aspect>1.4</aspect>
            <linespacing>0.9</linespacing>
            <size>54</size>
        </font>
        <font>
            <name>lyr15</name>
            <filename>lyrics/Geomancy - Extra Bold.ttf</filename>
            <linespacing>0.9</linespacing>
            <size>130</size>
        </font>
        <font>
            <name>lyr15b</name>
            <filename>lyrics/nasalization-rg.ttf</filename>
            <style>bold</style>
            <size>56</size>
        </font>
        <font>
            <name>lyrsh16</name>
            <filename>lyrics/PollerOne.ttf</filename>
            <aspect>0.9</aspect>
            <size>76</size>
        </font>
        <font>
            <name>lyrsh38</name>
            <filename>lyrics/Exo2-BlackItalic.ttf</filename>
            <linespacing>0.85</linespacing>
            <size>86</size>
        </font>
        <font>
            <name>lyrsh50</name>
            <filename>lyrics/nasalization-rg.ttf</filename>
            <style>bold</style>
            <size>74</size>
        </font>
        <font>
            <name>lyrsh72</name>
            <filename>lyrics/Fredoka One.ttf</filename>
            <linespacing>0.9</linespacing>
            <size>88</size>
        </font>
        <font>
            <name>lyrsh94</name>
            <filename>lyrics/Ranchers-Regular.ttf</filename>
            <aspect>1.4</aspect>
            <linespacing>0.9</linespacing>
            <size>78</size>
        </font>

    </fontset>

    <fontset id="Arial" unicode="true">

        <!-- Standard Fonts -->
        <font>
            <name>font_medium</name>
            <filename>Arial.ttf</filename>
            <aspect>0.8</aspect>
            <size>38</size>
        </font>
        <font>
            <name>font_medium_bold</name>
            <filename>Arial.ttf</filename>
            <style>bold</style>
            <aspect>0.8</aspect>
            <size>38</size>
        </font>
        <font>
            <name>font_small</name>
            <filename>Arial.ttf</filename>
            <aspect>0.8</aspect>
            <size>30</size>
        </font>
        <font>
            <name>font_small_mono</name>
            <filename>teletext.ttf</filename>
            <size>26</size>
            <aspect>0.8</aspect>
        </font>
        <font>
            <name>font_small_bold</name>
            <filename>Arial.ttf</filename>
            <style>bold</style>
            <aspect>0.8</aspect>
            <size>30</size>
        </font>
        <font>
            <name>font_small_light</name>
            <filename>Arial.ttf</filename>
            <aspect>0.8</aspect>
            <size>30</size>
        </font>
        <font>
            <name>font_tiny</name>
            <filename>Arial.ttf</filename>
            <aspect>0.8</aspect>
            <size>26</size>
        </font>
        <font>
            <name>font_widgetlabel_bold</name>
            <filename>Arial.ttf</filename>
            <style>bold</style>
            <aspect>0.8</aspect>
            <size>20</size>
        </font>
        <font>
            <name>font_tiny_bold</name>
            <filename>Arial.ttf</filename>
            <style>bold</style>
            <aspect>0.8</aspect>
            <size>26</size>
        </font>
        <font>
            <name>font_tiny_uppercase</name>
            <filename>Arial.ttf</filename>
            <aspect>0.8</aspect>
            <size>26</size>
            <style>uppercase</style>
        </font>
        <font>
            <name>font_tiny_bold_uppercase</name>
            <filename>Arial.ttf</filename>
            <style>bold</style>
            <aspect>0.8</aspect>
            <size>26</size>
            <style>uppercase</style>
        </font>
        <font>
            <name>font_button</name>
            <style>uppercase</style>
            <filename>Arial.ttf</filename>
            <aspect>0.8</aspect>
            <size>24</size>
        </font>
        <font>
            <name>font_statusbar</name>
            <filename>Arial.ttf</filename>
            <aspect>0.8</aspect>
            <size>22</size>
        </font>
        <font>
            <name>font_unwatched</name>
            <filename>RobotoCondensed-Bold.ttf</filename>
            <size>16</size>
        </font>
        <font>
            <name>font_fps</name>
            <filename>RobotoCondensed-Bold.ttf</filename>
            <size>14</size>
        </font>

        <!-- Plot Font -->
        <font>
            <name>font_plotbox</name>
            <filename>Arial.ttf</filename>
            <size>30</size>
            <linespacing>1.2</linespacing>
            <aspect>0.9</aspect>
        </font>
        <font>
            <name>font_textviewer</name>
            <filename>Arial.ttf</filename>
            <size>30</size>
            <linespacing>1</linespacing>
            <aspect>0.9</aspect>
        </font>

        <font>
            <name>font_osd_mainmenu</name>
            <style>uppercase</style>
            <filename>Arial.ttf</filename>
            <aspect>0.8</aspect>
            <size>26</size>
        </font>
        <font>
            <name>font_osd_submenu</name>
            <style>uppercase</style>
            <filename>Arial.ttf</filename>
            <aspect>0.8</aspect>
            <size>22</size>
        </font>

        <!-- Poster text for years and countries etc -->
        <font>
            <name>font_bigposter_text</name>
            <filename>Arial.ttf</filename>
            <aspect>0.8</aspect>
            <size>90</size>
        </font>
        <font>
            <name>font_poster_text</name>
            <filename>Arial.ttf</filename>
            <aspect>0.8</aspect>
            <size>48</size>
        </font>

        <!-- Music visualisation scrolling text -->
        <font>
            <name>font_musicvis_biggest</name>
            <filename>Arial.ttf</filename>
            <aspect>0.8</aspect>
            <size>230</size>
        </font>
        <font>
            <name>font_musicvis_bigger</name>
            <filename>Arial.ttf</filename>
            <aspect>0.8</aspect>
            <size>130</size>
        </font>
        <font>
            <name>font_musicvis_big</name>
            <filename>Arial.ttf</filename>
            <aspect>0.8</aspect>
            <size>80</size>
        </font>

        <!-- Music visualisation info -->
        <font>
            <name>font_musicvis_title</name>
            <filename>Arial.ttf</filename>
            <style>bold</style>
            <aspect>0.8</aspect>
            <size>84</size>
        </font>
        <font>
            <name>font_musicvis_album</name>
            <filename>Arial.ttf</filename>
            <aspect>0.8</aspect>
            <size>50</size>
        </font>
        <font>
            <name>font_lyrics_bold</name>
            <filename>Arial.ttf</filename>
            <style>bold</style>
            <aspect>0.8</aspect>
            <size>50</size>
        </font>

        <!-- Big weather temp -->        
        <font>
            <name>font_weather_currenttemp</name>
            <filename>Arial.ttf</filename>
            <style>bold</style>
            <aspect>0.8</aspect>
            <size>150</size>
        </font>

        <!-- Plot info overlay -->
        <font>
            <name>font_overlay_title</name>
            <filename>Arial.ttf</filename>
            <style>bold</style>
            <aspect>0.8</aspect>
            <size>100</size>
        </font>
        <font>
            <name>font_overlay_plotbox</name>
            <filename>Arial.ttf</filename>
            <aspect>0.8</aspect>
            <size>48</size>
            <linespacing>1.4</linespacing>
        </font>

        <!-- Showcase title font -->
        <font>
            <name>font_showcase_title</name>
            <filename>Arial.ttf</filename>
            <style>bold</style>
            <aspect>0.8</aspect>
            <size>64</size>
            <aspect>0.9</aspect>
            <style>bold</style>
        </font>
        <font>
            <name>font_topbar</name>
            <filename>Arial.ttf</filename>
            <style>bold</style>
            <aspect>0.8</aspect>
            <size>40</size>
            <aspect>0.9</aspect>
            <style>bold</style>
        </font>
        <font>
            <name>font_topbar_small</name>
            <filename>Arial.ttf</filename>
            <aspect>0.8</aspect>
            <size>30</size>
        </font>
        <font>
            <name>font_notification</name>
            <filename>Arial.ttf</filename>
            <style>bold</style>
            <aspect>0.8</aspect>
            <size>30</size>
            <aspect>0.9</aspect>
            <style>bold</style>
        </font>
        
        <!-- EPG Timeline time and date -->
        <font>
            <name>font_epg_timeline</name>
            <filename>Arial.ttf</filename>
            <aspect>0.8</aspect>
            <size>18</size>
        </font>
        



        <!-- Required for system -->
        <font>
            <name>font13</name>
            <filename>Arial.ttf</filename>
            <aspect>0.8</aspect>
            <size>30</size>
        </font>
        <font>
            <name>Clock</name>
            <filename>Arial.ttf</filename>
            <style>bold</style>
            <aspect>0.8</aspect>
            <size>130</size>
        </font>

        <!-- Video Lyrics -->
        <font>
            <name>lyr1</name>
            <filename>lyrics/Theboldfont.ttf</filename>
            <linespacing>0.9</linespacing>
            <size>120</size>
        </font>
        <font>
            <name>lyr1b</name>
            <filename>lyrics/PollerOne.ttf</filename>
            <aspect>0.9</aspect>
            <size>60</size>
        </font>
        <font>
            <name>lyr2</name>
            <filename>lyrics/SF Distant Galaxy.ttf</filename>
            <style>lowercase</style>
            <linespacing>0.9</linespacing>
            <size>120</size>
        </font>
        <font>
            <name>lyr2b</name>
            <filename>lyrics/Fredoka One.ttf</filename>
            <linespacing>0.9</linespacing>
            <size>58</size>
        </font>
        <font>
            <name>lyr3</name>
            <filename>lyrics/Luckiest Guy.ttf</filename>
            <style>uppercase</style>
            <linespacing>0.9</linespacing>
            <size>125</size>
        </font>
        <font>
            <name>lyr3b</name>
            <filename>lyrics/Exo2-BlackItalic.ttf</filename>
            <linespacing>0.85</linespacing>
            <size>62</size>
        </font>
        <font>
            <name>lyr4</name>
            <filename>lyrics/Geomancy - Extra Bold.ttf</filename>
            <linespacing>0.9</linespacing>
            <size>120</size>
        </font>
        <font>
            <name>lyr4b</name>
            <filename>lyrics/Ranchers-Regular.ttf</filename>
            <aspect>1.4</aspect>
            <linespacing>0.9</linespacing>
            <size>54</size>
        </font>
        <font>
            <name>lyr5</name>
            <filename>lyrics/BOXING.ttf</filename>
            <aspect>1.3</aspect>
            <style>lowercase</style>
            <linespacing>0.9</linespacing>
            <size>104</size>
        </font>
        <font>
            <name>lyr5b</name>
            <filename>lyrics/nasalization-rg.ttf</filename>
            <style>bold</style>
            <size>54</size>
        </font>
        <font>
            <name>lyr6</name>
            <filename>lyrics/Theboldfont.ttf</filename>
            <linespacing>0.9</linespacing>
            <size>120</size>
        </font>
        <font>
            <name>lyr6b</name>
            <filename>lyrics/PollerOne.ttf</filename>
            <aspect>0.9</aspect>
            <size>60</size>
        </font>
        <font>
            <name>lyr7</name>
            <style>uppercase</style>
            <filename>lyrics/Luckiest Guy.ttf</filename>
            <size>110</size>
        </font>
        <font>
            <name>lyr7a</name>
            <style>uppercase</style>
            <filename>lyrics/Luckiest Guy.ttf</filename>
            <size>155</size>
        </font>
        <font>
            <name>lyr7b</name>
            <style>uppercase</style>
            <filename>lyrics/Luckiest Guy.ttf</filename>
            <size>205</size>
        </font>
        <font>
            <name>lyr7c</name>
            <filename>lyrics/Exo2-BlackItalic.ttf</filename>
            <linespacing>0.85</linespacing>
            <size>60</size>
        </font>
        <font>
            <name>lyr8</name>
            <filename>lyrics/SF Distant Galaxy.ttf</filename>
            <style>lowercase</style>
            <linespacing>0.9</linespacing>
            <size>120</size>
        </font>
        <font>
            <name>lyr8b</name>
            <filename>lyrics/nasalization-rg.ttf</filename>
            <style>bold</style>
            <size>54</size>
        </font>
        <font>
            <name>lyr9</name>
            <filename>lyrics/Geomancy - Extra Bold.ttf</filename>
            <linespacing>0.9</linespacing>
            <size>130</size>
        </font>
        <font>
            <name>lyr9b</name>
            <filename>lyrics/Fredoka One.ttf</filename>
            <linespacing>0.9</linespacing>
            <size>58</size>
        </font>
        <font>
            <name>lyr10</name>
            <filename>lyrics/SF Distant Galaxy.ttf</filename>
            <style>lowercase</style>
            <linespacing>0.9</linespacing>
            <size>120</size>
        </font>
        <font>
            <name>lyr10b</name>
            <filename>lyrics/Ranchers-Regular.ttf</filename>
            <aspect>1.4</aspect>
            <linespacing>0.9</linespacing>
            <size>52</size>
        </font>
        <font>
            <name>lyr11</name>
            <filename>lyrics/Theboldfont.ttf</filename>
            <linespacing>0.9</linespacing>
            <size>120</size>
        </font>
        <font>
            <name>lyr11b</name>
            <filename>lyrics/PollerOne.ttf</filename>
            <aspect>0.9</aspect>
            <size>60</size>
        </font>
        <font>
            <name>lyr12</name>
            <filename>lyrics/BOXING.ttf</filename>
            <style>lowercase</style>
            <linespacing>0.9</linespacing>
            <size>275</size>
        </font>
        <font>
            <name>lyr12b</name>
            <filename>lyrics/BOXING.ttf</filename>
            <style>lowercase</style>
            <linespacing>0.9</linespacing>
            <size>165</size>
        </font>
        <font>
            <name>lyr12c</name>
            <filename>lyrics/BOXING.ttf</filename>
            <style>lowercase</style>
            <linespacing>0.9</linespacing>
            <size>220</size>
        </font>
        <font>
            <name>lyr12d</name>
            <filename>lyrics/Fredoka One.ttf</filename>
            <linespacing>0.9</linespacing>
            <size>58</size>
        </font>
        <font>
            <name>lyr13</name>
            <filename>lyrics/SF Distant Galaxy.ttf</filename>
            <style>lowercase</style>
            <linespacing>0.9</linespacing>
            <size>120</size>
        </font>
        <font>
            <name>lyr13b</name>
            <filename>lyrics/Exo2-BlackItalic.ttf</filename>
            <linespacing>0.85</linespacing>
            <size>62</size>
        </font> 
        <font>
            <name>lyr14</name>
            <style>uppercase</style>
            <filename>lyrics/Luckiest Guy.ttf</filename>
            <size>140</size>
        </font>
        <font>
            <name>lyr14b</name>
            <filename>lyrics/Ranchers-Regular.ttf</filename>
            <aspect>1.4</aspect>
            <linespacing>0.9</linespacing>
            <size>54</size>
        </font>
        <font>
            <name>lyr15</name>
            <filename>lyrics/Geomancy - Extra Bold.ttf</filename>
            <linespacing>0.9</linespacing>
            <size>130</size>
        </font>
        <font>
            <name>lyr15b</name>
            <filename>lyrics/nasalization-rg.ttf</filename>
            <style>bold</style>
            <size>56</size>
        </font>
        <font>
            <name>lyrsh16</name>
            <filename>lyrics/PollerOne.ttf</filename>
            <aspect>0.9</aspect>
            <size>76</size>
        </font>
        <font>
            <name>lyrsh38</name>
            <filename>lyrics/Exo2-BlackItalic.ttf</filename>
            <linespacing>0.85</linespacing>
            <size>86</size>
        </font>
        <font>
            <name>lyrsh50</name>
            <filename>lyrics/nasalization-rg.ttf</filename>
            <style>bold</style>
            <size>74</size>
        </font>
        <font>
            <name>lyrsh72</name>
            <filename>lyrics/Fredoka One.ttf</filename>
            <linespacing>0.9</linespacing>
            <size>88</size>
        </font>
        <font>
            <name>lyrsh94</name>
            <filename>lyrics/Ranchers-Regular.ttf</filename>
            <aspect>1.4</aspect>
            <linespacing>0.9</linespacing>
            <size>78</size>
        </font>


    </fontset>

</fonts>
