<?xml version='1.0' encoding='utf-8'?>
<addon id="plugin.video.jellycon" name="JellyCon" version="0.8.3+py3" provider-name="Jellyfin Contributors">
  <requires>
    <import addon="xbmc.python" version="3.0.0" />
    <import addon="script.module.requests" version="2.22.0+matrix.1" />
    <import addon="script.module.dateutil" version="2.8.1+matrix.1" />
    <import addon="script.module.six" version="1.14.0+matrix.2" />
    <import addon="script.module.kodi-six" version="0.1.3+1" />
    <import addon="script.module.addon.signals" version="0.0.5+matrix.1" />
    <import addon="script.module.websocket" version="0.57.0+matrix.1" />
  </requires>
  <extension point="xbmc.python.pluginsource" library="default.py">
    <provides>video audio</provides>
    <medialibraryscanpath content="movies">library/movies</medialibraryscanpath>
  </extension>
  <extension point="xbmc.service" library="service.py" start="login" />
  <extension point="xbmc.addon.metadata">
    <platform>all</platform>
    <language>en</language>
    <license>GPL-2.0-only</license>
    <forum>https://github.com/jellyfin/jellycon/issues</forum>
    <website>https://github.com/jellyfin/jellycon/wiki</website>
    <source>https://github.com/jellyfin/jellycon</source>
    <summary lang="en_GB">Browse and play your Jellyfin server media library.</summary>
    <description lang="en_GB">An addon to allow you to browse and playback your Jellyfin (https://jellyfin.org) Movie, TV Show and Music collections.</description>
    <assets>
      <icon>icon.png</icon>
      <fanart>fanart.jpg</fanart>
    </assets>
  </extension>
</addon>
