{
  "id": "cinemitas",
  "name": "CineMitas",
  "thumbnail": "cinemitas.jpg",

  "active": true,

  "searchable": true,
  "search_types": ["all", "movie", "tvshow"],

  "categories": ["movie", "tvshow"],
  "language": ["lat", "cast", "vose"],

  "clusters": ["notice", "suggested", "rankings", "languages", "years", "kids", "docs", "vos"],

  "notes": "Películas por géneros. Series por Géneros. Puede requerir el uso de proxies en función del país/operadora desde el que se accede."
}
