{
  "id": "cuevana3run",
  "name": "Cuevana3Run",
  "thumbnail": "cuevana3run.jpg",

  "active": true,

  "searchable": true,
  "search_types": ["all", "movie", "tvshow"],

  "categories": ["movie", "tvshow"],
  "language": ["lat", "cast", "vose"],

  "clusters": ["notice", "rankings", "years", "languages", "lasts", "lists", "kids", "docs", "vos"],

  "notes": "Películas por géneros. Series por Géneros. Puede requerir el uso de proxies en función del país/operadora desde el que se accede."
}
