{
  "id": "entrepeliculasyseries",
  "name": "EntrePeliculasySeries",
  "thumbnail": "entrepeliculasyseries.jpg",

  "active": true,

  "searchable": true,
  "search_types": ["all", "movie", "tvshow"],

  "categories": [ "movie", "tvshow" ],
  "language": ["cast", "lat", "vose"],

  "clusters": ["crypto", "notice", "current", "years", "kids", "docs", "vos", "dorama", "anime"],

  "notes": "Películas por géneros y año. Series por Géneros. Puede requerir el uso de proxies en función del país/operadora desde el que se accede."
}
