{
  "id": "grantorrent",
  "name": "GranTorrent",
  "thumbnail": "grantorrent.jpg",

  "active": true,

  "searchable": true,
  "search_types": ["all", "movie", "tvshow"],

  "categories": ["movie", "tvshow", "torrent"],
  "language": ["cast"],

  "clusters": ["onlyone", "current", "torrents", "qualityes", "kids", "docs", "vos", "3d", "4k"],

  "notes": "Canal con enlaces Torrent exclusivamente. Películas por géneros, calidades. También Series. Puede requerir el uso de proxies en función del país/operadora desde el que se accede."
}