{
  "id": "mega1link",
  "name": "Mega1Link",
  "thumbnail": "mega1link.jpg",

  "active": false,

  "searchable": true,
  "search_types": ["all", "movie", "tvshow"],

  "categories": ["movie", "tvshow", "torrent"],
  "language": ["cast", "lat", "vose"],

  "clusters": ["temporary", "problematic", "notice", "torrents", "languages", "qualityes", "kids", "docs", "vos"],

  "notes": "Canal con enlaces Streaming y Torrent. Películas por géneros. Series por Géneros. Puede requerir el uso de proxies en función del país/operadora desde el que se accede."
}
