{
  "id": "pelispediais",
  "name": "PelisPediaIs",
  "thumbnail": "pelispediais.jpg",

  "active": true,

  "searchable": true,
  "search_types": ["all", "movie", "tvshow"],

  "categories": ["movie", "tvshow"],
  "language": ["cast", "lat", "vose"],

  "clusters": ["clone", "onlyone", "stars", "directors", "docs", "kids", "vos"],

  "notes": "Películas por géneros. Series por Géneros. Puede requerir el uso de proxies en función del país/operadora desde el que se accede."
}
