{
  "id": "pelishouse",
  "name": "PelisHouse",
  "thumbnail": "pelishouse.jpg",

  "active": false,

  "searchable": true,
  "search_types": ["all", "movie", "tvshow"],

  "categories": ["movie", "tvshow", "torrent"],
  "language": ["cast", "lat", "vose"],

  "clusters": ["adults", "torrents", "news", "rankings", "languages", "years", "countries", "kids", "docs", "vos", "3d"],

  "notes": "Web CERRADA. Canal con enlaces Streaming y Torrent. Películas por géneros. Series por Géneros."
}
