{
  "id": "pelisyseries",
  "name": "PelisySeries",
  "thumbnail": "pelisyseries.jpg",

  "active": true,

  "searchable": true,
  "search_types": ["all", "movie", "tvshow"],

  "categories": ["movie", "tvshow", "torrent"],
  "language": ["cast", "lat", "vose"],

  "clusters": ["notice", "torrents", "rankings", "years", "languages", "qualityes", "countries", "producers", "kids", "vos", "anime", "4k"],

  "notes": "Canal con enlaces Streaming y Torrent. Películas por géneros. Series por Géneros. Puede requerir el uso de proxies en función del país/operadora desde el que se accede."
}
