{
  "id": "pelispanda",
  "name": "PelisPanda",
  "thumbnail": "pelispanda.jpg",

  "active": true,

  "searchable": true,
  "search_types": ["all", "movie", "tvshow"],

  "categories": ["movie", "tvshow", "torrent"],
  "language": ["cast", "lat", "vose", "vo"],

  "clusters": ["onlyone", "current", "notice", "torrents", "languages", "kids", "docs", "anime", "4k"],

  "notes": "Canal con enlaces Torrent exclusivamente. Películas por géneros. También Series. Puede requerir el uso de proxies en función del país/operadora desde el que se accede."
}