{
  "id": "torrenflix",
  "name": "TorrenFlix",
  "thumbnail": "torrenflix.jpg",

  "active": true,

  "searchable": true,
  "search_types": ["all", "movie", "tvshow"],

  "categories": ["movie", "tvshow", "torrent"],
  "language": ["cast", "lat"],

  "clusters": ["clone", "torrents", "news", "qualityes", "years", "lasts", "classic", "rankings", "kids", "docs", "4k"],

  "notes": "Canal con enlaces Streaming y Torrent. Películas por géneros, calidad y año. También series por Géneros."
}
