{
  "id": "yts",
  "name": "Yts",
  "thumbnail": "yts.jpg",

  "active": true,

  "searchable": true,
  "search_types": ["movie"],

  "categories": ["torrent", "movie"],
  "language": ["cast", "vose", "vo"],

  "clusters": ["onlyone", "torrents", "qualityes", "languages", "countries", "years", "rankings", "kids", "docs", "vos", "4k", "3d"],

  "notes": "Canal con enlaces Torrent exclusivamente. Películas Subtituladas y en Versión Original, por géneros, calidad, idioma y año."
}