{
    "presets": [
        {
            "name": "[COLOR gold]Enable All Artwork[/COLOR]",
            "section": false,
            "url": "https://raw.githubusercontent.com/RagnarLothbrok-Odin/repository.ragnarokwizard/master/presets/artwork_preset.xml",
            "icon": "",
            "fanart": "",
            "description": "[COLOR red]This preset adds all of the available art types, to be used with library scrapers which collect their own artwork[/COLOR]"
        },
        {
            "name": "[COLOR gold]Cache Presets[/COLOR]",
            "section": true,
            "url": "https://repo.redwizard.xyz/wizard/cachesettings/kodi21omega/cache_presets.json",
            "icon": "",
            "fanart": "",
            "description": "[COLOR red]A lits of cache presets based on the RAM of your device[/COLOR]"
        }
    ]
}