<?xml version="1.0" encoding="UTF-8" standalone="yes"?>
<addon id="plugin.program.tvbanwizard" name="[B][COLOR azure]TVBAN[/COLOR] [COLOR tan]WIZARD[/COLOR][/B]" version="0.0.00" provider-name="[B][COLOR azure]tvban, JoseaAnd[/COLOR][/B]">
    <requires>
        <import addon="xbmc.python" version="3.0.1" />
        <import addon="script.module.requests" />
        <import addon="script.module.six" />
    </requires>
    
    <extension point="xbmc.python.pluginsource" library="default.py">
        <provides>executable</provides>
    </extension>
    
    <extension point="xbmc.service" library="startup.py" start="startup" />
    
    <extension point="xbmc.addon.metadata">
        <summary lang="es">
	[COLOR azure]TVBAN[/COLOR] [COLOR cyan]MATNEXOM[/COLOR], 
	tu [COLOR azure]tvban[COLOR tan]Wizard[/COLOR] para [COLOR teal]KODI[/COLOR]	
	    </summary>
    	<description lang="es">
[COLOR lime][B]CREDITOS:[/COLOR][/B] 
[COLOR white][B]• Developers:[/B]      [COLOR darkorange]JoseaTeb[/COLOR]
[COLOR white][B]• Testers:[/B]             [COLOR darkorange]JoseaTeb, [COLOR moccasin]Amillans[/COLOR]
[COLOR white][B]• Telegram:[/B]         [COLOR dodgerblue]t.me/+andtvban[/COLOR]</description>
        <disclaimer lang="es">[COLOR tan][B]Está Prohibida su distribución, cedido por su autor, editado por [COLOR azure]JoseaTeb [COLOR tan]y Protegidos por los Derechos del Autor y Editor.
[COLOR khaki]Este Add-on no aloja ningún contenido y no tiene ninguna afiliación con los proveedores de contenido.[/B][/COLOR]</disclaimer>
		<platform>all</platform>
		<reuselanguageinvoker>false</reuselanguageinvoker>
		<license>GNU GPL v3</license>
        <source>https://andtvban.github.io/tvban/</source>
		<news>
• [COLOR darkorange][/COLOR]	
- 
		
• 
- 
• 	
- Nuevo Logo.		
- Inciada la compatibilidad con Versiones de Kodi.
- 
- :
¤ .     
¤ .
</news>
	<assets>
	    <icon>icon.png</icon>
        <fanart>fanart.jpg</fanart>
	</assets>
	<license>GNU GENERAL PUBLIC LICENSE Version 22</license>
		<email></email>
		<website></website>
    </extension>
</addon>
		