<?xml version='1.0' encoding='UTF-8'?>
<shortcuts>
	<shortcut>
		<defaultID />
		<label>$LOCALIZE[31523]</label> <!-- Search -->
		<label2>Video Add-On</label2>
		<icon>DefaultShortcut.png</icon>
		<thumb>special://skin/media/exuary/search.png</thumb>
		<action>ActivateWindow(1138,return)</action>
	</shortcut>
	<shortcut>
		<defaultID />
		<label>$LOCALIZE[31665]</label> <!-- Genres -->
		<label2>Custom item</label2>
		<icon>DefaultShortcut.png</icon>
		<thumb>special://skin/extras/icons/genre.png</thumb>
		<action>ActivateWindow(4020,return)</action>
	</shortcut>
	<shortcut>
		<defaultID>mediahub</defaultID>
		<label>$LOCALIZE[31830]</label> <!-- Media Hub -->
		<label2 />
		<icon>special://skin/extras/icons/tv.png</icon>
		<thumb>special://skin/extras/icons/emby.png</thumb>
		<action>ActivateWindow(3730,return)</action>
	</shortcut>
	<shortcut>
		<defaultID />
		<label>$LOCALIZE[31837]</label> <!-- IMDB: Top Rated TV Shows -->
		<label2>Video Add-On</label2>
		<icon>DefaultShortcut.png</icon>
		<thumb>special://skin/extras/lists/icons/imdb-color.png</thumb>
                <action></action>
	</shortcut>
	<shortcut>
		<defaultID />
		<label>$LOCALIZE[31838]</label> <!-- Rolling Stone's 100 Greatest TV Shows of All Time -->
		<label2>Video Add-On</label2>
		<icon>DefaultShortcut.png</icon>
		<thumb>special://skin/extras/lists/icons/rollingstone.png</thumb>
                <action></action>
	</shortcut>
	<shortcut>
		<defaultID />
		<label>$LOCALIZE[31839]</label> <!-- Most Popular -->
		<label2>Video Add-On</label2>
		<icon>DefaultShortcut.png</icon>
		<thumb>special://skin/media/exuary/trakt.png</thumb>
                <action></action>
	</shortcut>
	<shortcut>
		<defaultID />
		<label>$LOCALIZE[31840]</label> <!-- TV Shows 2018 ➛ Scripted (USA) -->
		<label2>Video Add-On</label2>
		<icon>DefaultShortcut.png</icon>
		<thumb>special://skin/extras/lists/icons/ustv.png</thumb>
                <action></action>
	</shortcut>
	<shortcut>
		<defaultID />
		<label>$LOCALIZE[31841]</label> <!-- TV Shows 2018 ➛ Scripted (UK) -->
		<label2>Video Add-On</label2>
		<icon>DefaultShortcut.png</icon>
		<thumb>special://skin/extras/lists/icons/uktv.png</thumb>
                <action></action>
	</shortcut>
	<shortcut>
		<defaultID>tvnetflixhub</defaultID>
		<label>$LOCALIZE[31828]</label> <!-- TV Netflix Hub -->
		<label2 />
		<icon>special://skin/extras/icons/tv.png</icon>
		<thumb />
		<action>ActivateWindow(3810,return)</action>
	</shortcut>
	<shortcut>
		<defaultID>tvaurahub</defaultID>
		<label>$LOCALIZE[31827]</label> <!-- TV Aura Hub -->
		<label2 />
		<icon>special://skin/extras/icons/tv.png</icon>
		<thumb />
		<action>ActivateWindow(3910,return)</action>
	</shortcut>
</shortcuts>
