<?xml version='1.0' encoding='UTF-8'?>
<shortcuts>
	<shortcut>
		<defaultID />
		<label>$LOCALIZE[31523]</label> <!-- Search -->
		<label2>Video Add-On</label2>
		<icon>DefaultShortcut.png</icon>
		<thumb>special://skin/media/exuary/search.png</thumb>
		<action>ActivateWindow(1138,return)</action>
	</shortcut>
	<shortcut>
		<defaultID>mediahub</defaultID>
		<label>$LOCALIZE[31830]</label> <!-- Media Hub -->
		<label2 />
		<icon>special://skin/extras/icons/tv.png</icon>
		<thumb>special://skin/extras/icons/emby.png</thumb>
		<action>ActivateWindow(3730,return)</action>
	</shortcut>
	<shortcut>
		<defaultID>genreshub</defaultID>
		<label>$LOCALIZE[31806]</label> <!-- Genres Hub -->
		<label2 />
		<icon>special://skin/extras/icons/tv.png</icon>
		<thumb>special://skin/media/exuary/genres.png</thumb>
		<action>ActivateWindow(4010,return)</action>
	</shortcut>
	<shortcut>
		<defaultID />
		<label>$LOCALIZE[31831]</label> <!-- Academy Awards - Best Picture Winners -->
		<label2>Video Add-On</label2>
		<icon>DefaultShortcut.png</icon>
		<thumb>special://skin/extras/lists/icons/academybestpic.png</thumb>
                <action></action>
	</shortcut>
	<shortcut>
		<defaultID />
		<label>$LOCALIZE[31832]</label> <!-- Rotten Tomatoes: Best of 2018 -->
		<label2>Video Add-On</label2>
		<icon>DefaultShortcut.png</icon>
		<thumb>special://skin/extras/lists/icons/rottentomatoes.png</thumb>
                <action></action>
	</shortcut>
	<shortcut>
		<defaultID />
		<label>$LOCALIZE[31833]</label> <!-- 2018 - Golden Globe Nominees & Winners -->
		<label2>Custom item</label2>
		<icon>DefaultShortcut.png</icon>
		<thumb>special://skin/extras/lists/icons/goldenglobe.png</thumb>
                <action></action>
	</shortcut>
	<shortcut>
		<defaultID />
		<label>$LOCALIZE[31834]</label> <!-- 2018 - Oscar Nominees & Winners -->
		<label2>Video Add-On</label2>
		<icon>DefaultShortcut.png</icon>
		<thumb>special://skin/media/exuary/oscar-winners.png</thumb>
                <action></action>
	</shortcut>
	<shortcut>
		<defaultID />
		<label>$LOCALIZE[31835]</label> <!-- IMDB: Top Rated Movies -->
		<label2>Video Add-On</label2>
		<icon>DefaultShortcut.png</icon>
		<thumb>special://skin/extras/lists/icons/imdb-color.png</thumb>
                <action></action>
	</shortcut>
	<shortcut>
		<defaultID />
		<label>$LOCALIZE[31836]</label> <!-- Reddit Top 250 (2018 Edition) -->
		<label2>Video Add-On</label2>
		<icon>DefaultShortcut.png</icon>
		<thumb>special://skin/extras/lists/icons/reddit.png</thumb>
                <action></action>
	</shortcut>
	<shortcut>
		<defaultID>movieaurahub</defaultID>
		<label>$LOCALIZE[31803]</label> <!-- Movie Aura Hub -->
		<label2 />
		<icon>special://skin/extras/icons/film.png</icon>
		<thumb />
		<action>ActivateWindow(3920,return)</action>
	</shortcut>
	<shortcut>
		<defaultID>movienetflixhub</defaultID>
		<label>$LOCALIZE[31804]</label> <!-- Movie Netflix Hub -->
		<label2 />
		<icon>special://skin/extras/icons/film.png</icon>
		<thumb />
		<action>ActivateWindow(3820,return)</action>
	</shortcut>
</shortcuts>
