<contents>
    <value name="comments">Static Power Side Menu</value>
    <template>generator/data/parts/basic_include.xmltemplate</template>
    <value name="includes_name">skinvariables-powersidemenu-staticitems</value>
    <value name="includes_part">
        <items menu="powersidemenu">
            <item>
                <template>generator/data/parts/dialog_sideitem.xmltemplate</template>
                <datafile>generator/data/setup/onclick_path.xml</datafile>
                <condition>{item_disabled}!=True</condition>
                <condition>{item_label}!=</condition>
                <condition>{item_label}!=$VAR[Label_Setting_Shortcuts_Locked]</condition>
            </item>
        </items>
    </value>
</contents>