<contents>
    <value name="comments">Search Extended</value>
    <template>generator/data/parts/basic_include.xmltemplate</template>
    <value name="includes_name">skinvariables-searchmenu-widgets</value>
    <value name="includes_part">
        <items menu="searchmenu">
            <item>
                <template>generator/data/parts/search_row.xmltemplate</template>
                <datafile>generator/data/setup/search_row.xml</datafile>
                <datafile>generator/data/setup/search_path.xml</datafile>
                <condition>{item_path}!=</condition>
                <condition>{item_disabled}!=True</condition>
            </item>
        </items>
    </value>
</contents>
