{
  "id": "estrenosanime",
  "name": "Estrenos Anime",
  "active": true,
  "adult": false,
  "language": [],
  "thumbnail":"https://estrenosanime.net/uploads/LogoEstrenosanime.png",
  "banner": "",
  "fanart": "",
  "categories": [
    "anime"
  ],
  "force_unify": true,
  "version": 1,
  "settings": [
    {
      "id": "include_in_global_search",
      "type": "bool",
      "label": "Incluir en busqueda global",
      "default": false,
      "enabled": true,
      "visible": true
    },
    {
      "id": "filter_languages",
      "type": "list",
      "label": "Mostrar enlaces en idioma...",
      "default": 0,
      "enabled": true,
      "visible": true,
      "lvalues": [
        "No filtrar",
        "VOSE",
        "Latino"
      ]
    },
    {
      "id": "include_in_newest_anime",
      "type": "bool",
      "label": "Incluir en Novedades - Episodios de anime",
      "default": false,
      "enabled": true,
      "visible": true
    }
  ]
}
