{
  "id": "osjonosu",
  "name": "Osjonosu",
  "active": true,
  "adult": false,
  "language": ["cast"],
  "thumbnail": "https://i.imgur.com/0mtPIEI.png",
  "banner": "",
  "fanart": "",
  "categories": [
    "movie",
    "tvshow"
  ],
  "force_unify": true,
  "settings": [
    {
      "id": "include_in_global_search",
      "type": "bool",
      "label": "Incluir en busqueda global",
      "default": false,
      "enabled": true,
      "visible": true
    },
    {
      "id": "filter_languages",
      "type": "list",
      "label": "Mostrar enlaces en idioma...",
      "default": 0,
      "enabled": true,
      "visible": true,
      "lvalues": [
        "No filtrar",
        "CAST"
      ]
    }
  ]
}
