{
    "infolabels": {
        "listitem_trailer": "Container.ListItem.Trailer",
        "tmdbhelper_trailer": "Container(99950).ListItem.Trailer"
    },
    "values": {
        "trailer": [
            {
                "rules": ["!String.IsEmpty(Container.ListItem.Trailer)"],
                "value": "{listitem_trailer}"
            },
            "{tmdbhelper_trailer}"
        ]
    },
    "actions": [
        "SetProperty(Trailer,\"{trailer}\",1123)",
        "ActivateWindow(1123)"
    ]
}