{
    "prefix": "Exp_View",
    "viewtypes": {
        "50":   "31320",
        "51":   "31045",
        "52":   "20021",
        "56":   "31479",
        "516":  "31480",
        "500":  "31431",
        "502":  "Combined Square",
        "512":  "Combined Landscape",
        "522":  "Combined Poster"
    },
    "icons": {
        "50":   "special://skin/extras/icons/view-square.png",
        "51":   "special://skin/extras/icons/view-landscape.png",
        "52":   "special://skin/extras/icons/view-poster.png",
        "56":   "special://skin/extras/icons/view-list.png",
        "516":  "special://skin/extras/icons/view-list.png",
        "500":  "special://skin/extras/icons/view-circle.png",
        "502":  "special://skin/extras/icons/view-combined.png",
        "512":  "special://skin/extras/icons/view-combined.png",
        "522":  "special://skin/extras/icons/view-combined.png"
    },
    "rules": {
        "images": {
            "rule": "Container.Content(images)",
            "viewtypes": ["50", "51", "52", "516", "500"],
            "library": "51",
            "plugins": "51"
        },
        "videos": {
            "rule": "Container.Content(videos)",
            "viewtypes": ["51", "516", "500"],
            "library": "51",
            "plugins": "51"
        },
        "movies": {
            "rule": "Container.Content(movies)",
            "viewtypes": ["51", "52", "56", "516", "500"],
            "library": "52",
            "plugins": "52"
        },
        "sets": {
            "rule": "Container.Content(sets)",
            "viewtypes": ["51", "52", "512", "522", "56", "516", "500"],
            "library": "512",
            "plugins": "512"
        },
        "tvshows": {
            "rule": "!String.IsEqual(Container.Property(param.info),episode_groups) + Container.Content(tvshows)",
            "viewtypes": ["51", "52", "56", "516", "500"],
            "library": "52",
            "plugins": "52"
        },
        "episode-groups-tvshows": {
            "rule": "String.IsEqual(Container.Property(param.info),episode_groups) + Container.Content(tvshows)",
            "viewtypes": ["51", "52", "512", "522", "56", "516", "500"],
            "library": "512",
            "plugins": "512"
        },
        "seasons": {
            "rule": "!String.IsEqual(Container.Property(param.info),episode_group_seasons) + Container.Content(seasons)",
            "viewtypes": ["51", "52", "512", "56", "516", "500"],
            "library": "512",
            "plugins": "512"
        },
        "episode-groups-seasons": {
            "rule": "String.IsEqual(Container.Property(param.info),episode_group_seasons) + Container.Content(seasons)",
            "viewtypes": ["51", "52", "512", "56", "516", "500"],
            "library": "512",
            "plugins": "512"
        },
        "episodes": {
            "rule": "Container.Content(episodes)",
            "viewtypes": ["51", "56", "516", "500"],
            "library": "51",
            "plugins": "51"
        },
        "videoversions": {
            "rule": "Container.Content(videoversions)",
            "viewtypes": ["50", "512", "522", "500"],
            "library": "512",
            "plugins": "512"
        },
        "genres": {
            "rule": "!Window.IsVisible(MyMusicNav.xml) + Container.Content(genres)",
            "viewtypes": ["50", "512", "522", "500"],
            "library": "512",
            "plugins": "512"
        },
        "genres-music": {
            "rule": "Window.IsVisible(MyMusicNav.xml) + Container.Content(genres)",
            "viewtypes": ["50", "502", "512", "500"],
            "library": "512",
            "plugins": "512"
        },
        "years": {
            "rule": "!Window.IsVisible(MyMusicNav.xml) + Container.Content(years)",
            "viewtypes": ["50", "512", "522", "500"],
            "library": "512",
            "plugins": "512"
        },
        "years-music": {
            "rule": "Window.IsVisible(MyMusicNav.xml) + Container.Content(years)",
            "viewtypes": ["50", "502", "512", "500"],
            "library": "512",
            "plugins": "512"
        },
        "studios": {
            "rule": "Container.Content(studios)",
            "viewtypes": ["50", "512", "522", "500"],
            "library": "512",
            "plugins": "512"
        },
        "directors": {
            "rule": "Container.Content(directors)",
            "viewtypes": ["50", "512", "522", "500"],
            "library": "512",
            "plugins": "512"
        },
        "countries": {
            "rule": "Container.Content(countries)",
            "viewtypes": ["50", "512", "522", "500"],
            "library": "512",
            "plugins": "512"
        },
        "tags": {
            "rule": "Container.Content(tags)",
            "viewtypes": ["50", "512", "522", "500"],
            "library": "512",
            "plugins": "512"
        },
        "roles": {
            "rule": "Container.Content(roles)",
            "viewtypes": ["50", "512", "522", "500"],
            "library": "512",
            "plugins": "512"
        },
        "actors": {
            "rule": "Container.Content(actors)",
            "viewtypes": ["50", "52", "512", "522", "500"],
            "library": "512",
            "plugins": "512"
        },
        "playlists": {
            "rule": "Container.Content(playlists)",
            "viewtypes": ["50", "512", "500"],
            "library": "50",
            "plugins": "50"
        },
        "musicvideos": {
            "rule": "Container.Content(musicvideos)",
            "viewtypes": ["50", "51", "52", "56", "516", "500"],
            "library": "51",
            "plugins": "51"
        },
        "artists": {
            "rule": "Container.Content(artists)",
            "viewtypes": ["50", "51", "502", "56", "516", "500"],
            "library": "50",
            "plugins": "50"
        },
        "albums": {
            "rule": "Container.Content(albums)",
            "viewtypes": ["50", "56", "516", "500"],
            "library": "50",
            "plugins": "50"
        },
        "songs": {
            "rule": "Container.Content(songs)",
            "viewtypes": ["50", "56", "516", "500"],
            "library": "56",
            "plugins": "56"
        },
        "files": {
            "rule": "Container.Content(files)",
            "viewtypes": ["50", "51", "500"],
            "library": "50",
            "plugins": "50"
        },
        "sources": {
            "rule": "Container.Content(sources)",
            "viewtypes": ["50", "51", "52", "500"],
            "library": "50",
            "plugins": "50"
        },
        "addons": {
            "rule": "Container.Content(addons)",
            "viewtypes": ["50", "500"],
            "library": "50",
            "plugins": "50"
        },
        "recordings": {
            "rule": "Container.Content(recordings)",
            "viewtypes": ["50", "51", "500"],
            "library": "51",
            "plugins": "51"
        },

        "games": {
            "rule": "Container.Content(games)",
            "viewtypes": ["50", "51", "52", "500"],
            "library": "51",
            "plugins": "51"
        },
        "none-games": {
            "rule": "Container.Content() + Window.IsVisible(MyGames.xml)",
            "viewtypes": ["50", "51", "52", "500"],
            "library": "51",
            "plugins": "51"
        },
        "none-recordings": {
            "rule": "Container.Content() + Window.IsVisible(MyPVRRecordings.xml)",
            "viewtypes": ["50", "51", "500"],
            "library": "51",
            "plugins": "51"
        },
        "none-timers": {
            "rule": "Container.Content() + Window.IsVisible(MyPVRTimers.xml)",
            "viewtypes": ["50", "51", "500"],
            "library": "51",
            "plugins": "51"
        },
        "none-search": {
            "rule": "Container.Content() + Window.IsVisible(MyPVRSearch.xml)",
            "viewtypes": ["50", "51", "500"],
            "library": "51",
            "plugins": "51"
        },
        "none-providers": {
            "rule": "Container.Content() + String.IsEqual(Container.Property(param.info),watch_providers)",
            "viewtypes": ["50", "512", "522", "500"],
            "library": "50",
            "plugins": "50"
        },
        "none": {
            "rule": "Container.Content() + !Window.IsVisible(MyGames.xml) + !Window.IsVisible(MyPVRRecordings.xml) + !Window.IsVisible(MyPVRTimers.xml) + !Window.IsVisible(MyPVRSearch.xml) + !String.IsEqual(Container.Property(param.info),watch_providers)",
            "viewtypes": ["50", "500"],
            "library": "50",
            "plugins": "50"
        }

    }
}