{
  "id": "animefenix",
  "name": "AnimeFenix",
  "active": false,
  "adult": false,
  "language": [],
  "thumbnail":"https://i.postimg.cc/gxSGFrwz/AveFenix.png",
  "banner": "",
  "fanart": "",
  "categories": [
    "anime",
    "vos"
  ],
  "version": 1,
  "settings": [
    {
      "id": "include_in_global_search",
      "type": "bool",
      "label": "Incluir en busqueda global",
      "default": false,
      "enabled": false,
      "visible": false
    },
    {
      "id": "filter_languages",
      "type": "list",
      "label": "Mostrar enlaces en idioma...",
      "default": 0,
      "enabled": true,
      "visible": true,
      "lvalues": [
        "No filtrar",
        "VOSE"
      ]
    },
    {
      "id": "include_in_newest_anime",
      "type": "bool",
      "label": "Incluir en Novedades - Episodios de anime",
      "default": true,
      "enabled": true,
      "visible": true
    }
  ]
}
