{
  "id": "estrenosdoramas",
  "name": "Estrenos Doramas",
  "active": false,
  "adult": false,
  "language": ["lat", "vose"],
  "thumbnail": "https://www.estrenosdoramas.net/wp-content/uploads/2016/08/estrenos-doramasss-net3.png",
  "banner": "",
  "fanart": "",
  "categories": [
    "tvshow",
    "vos"
  ],
  "settings": [
    {
      "id": "include_in_global_search",
      "type": "bool",
      "label": "Incluir en busqueda global",
      "default": false,
      "enabled": false,
      "visible": false
    },
    {
      "id": "filter_languages",
      "type": "list",
      "label": "Mostrar enlaces en idioma...",
      "default": 0,
      "enabled": true,
      "visible": true,
      "lvalues": [
        "No filtrar",
        "VOSE",
        "VO",
        "LAT"
      ]
    }
  ]
}
