{
  "id": "hdfulls",
  "name": "HDFullS",
  "active": false,
  "adult": false,
  "language": ["cast", "lat"],
  "thumbnail": "https://i.postimg.cc/fywxmZ55/hdfool.png",
  "banner": "hdfull.png",
  "fanart": "",
  "categories": [
    "movie",
    "tvshow"
  ],
  "force_unify": true,
  "settings": [
    {
      "id": "filter_languages",
      "type": "list",
      "label": "Mostrar enlaces en idioma...",
      "default": 0,
      "enabled": true,
      "visible": true,
      "lvalues": [
        "No filtrar",
        "CAST",
        "LAT",
        "VOSE",
        "VOS",
        "VO"
      ]
    },
    {
      "id": "include_in_global_search",
      "type": "bool",
      "label": "Incluir en busqueda global",
      "default": true,
      "enabled": true,
      "visible": true
    }
  ]
}
