{
  "id": "henaojara",
  "name": "HenaoJara",
  "active": true,
  "adult": false,
  "language": ["cast", "lat", "vose"],
  "thumbnail": "https://i.imgur.com/huUiibv.png",
  "banner": "",
  "fanart": "",
  "categories": [
    "anime"
  ],
  "settings": [
    {
      "id": "include_in_global_search",
      "type": "bool",
      "label": "Incluir en busqueda global",
      "default": true,
      "enabled": true,
      "visible": true
    },
    {
      "id": "include_in_newest_anime",
      "type": "bool",
      "label": "Incluir en Novedades - Episodios de anime",
      "default": true,
      "enabled": true,
      "visible": true
    }
  ]
}
