{
  "id": "latanime",
  "name": "Latanime",
  "active": true,
  "adult": false,
  "language": ["cast", "lat", "Catalán", "vose"],
  "thumbnail": "https://latanime.org/public/img/logito.png",
  "banner": "",
  "fanart": "",
  "categories": [
    "anime"
  ],
  "settings": [
    {
      "id": "include_in_global_search",
      "type": "bool",
      "label": "Incluir en busqueda global",
      "default": true,
      "enabled": true,
      "visible": true
    },
    {
      "id": "include_in_newest_anime",
      "type": "bool",
      "label": "Incluir en Novedades - Episodios de anime",
      "default": true,
      "enabled": true,
      "visible": true
    },
    {
      "id": "filter_languages",
      "type": "list",
      "label": "Mostrar enlaces en idioma...",
      "default": 0,
      "enabled": true,
      "visible": true,
      "lvalues": [
        "No filtrar",
        "Latino",
        "Castellano",
        "Catalán",
        "VOSE"
      ]
    }
  ]
}
