{
  "id": "seriesmetro",
  "name": "SeriesMetro",
  "active": false,
  "adult": false,
  "language": ["lat", "cast"],
  "thumbnail": "https://i.imgur.com/OFVtBfJ.png",
  "banner": "",
  "fanart": "",
  "categories": [
    "tvshow",
    "vos"
  ],
  "settings": [
    {
      "id": "include_in_global_search",
      "type": "bool",
      "label": "Incluir en busqueda global",
      "default": false,
      "enabled": false,
      "visible": false
    },
    {
      "id": "filter_languages",
      "type": "list",
      "label": "Mostrar enlaces en idioma...",
      "default": 0,
      "enabled": true,
      "visible": true,
      "lvalues": [
        "No filtrar",
        "LAT",
        "CAST",
        "VOSE",
        "VOS"
      ]
    },
    {
      "id": "full_title",
      "type": "bool",
      "label": "Mostrar titulo detallado (num temporadas, episodios)",
      "default": false,
      "enabled": true,
      "visible": true
    }
  ]
}
