{
  "id": "sleazemovies",
  "name": "SleazeMovies",
  "active": false,
  "adult": true,
  "language": ["*"],
  "thumbnail": "https://i.imgur.com/x0tzGxQ.jpg",
  "banner": "https://i.imgur.com/d8LsUNf.png",
  "fanart": "https://i.imgur.com/NRdQvFW.jpg",
  "categories": [
    "adult"
  ],
  "force_unify": true,
  "settings": [
    {
      "id": "include_in_global_search",
      "type": "bool",
      "label": "Incluir en busqueda global",
      "default": false,
      "enabled": true,
      "visible": true
    }
  ]
}
