{
  "id": "veranimeassistant",
  "name": "VerAnime Assistant",
  "active": true,
  "adult": false,
  "language": ["cast", "lat", "vose"],
  "thumbnail":"https://i.imgur.com/1QaWK0X.png",
  "banner": "",
  "fanart": "",
  "categories": [
    "anime"
  ],
  "force_unify": true,
  "settings": [
    {
      "id": "include_in_global_search",
      "type": "bool",
      "label": "Incluir en busqueda global",
      "default": true,
      "enabled": true,
      "visible": true
    },
    {
      "id": "include_in_newest_anime",
      "type": "bool",
      "label": "Incluir en Novedades - Episodios de anime",
      "default": true,
      "enabled": true,
      "visible": true
    },
    {
      "id": "filter_languages",
      "type": "list",
      "label": "Mostrar enlaces en idioma...",
      "default": 0,
      "enabled": true,
      "visible": true,
      "lvalues": [
        "No filtrar",
        "CAST",
        "LAT",
        "VOSE"
      ]
    }
  ]
}
