{
  "id": "veronline",
  "name": "Veronline",
  "active": true,
  "adult": false,
  "language": ["cast", "lat", "vose"],
  "thumbnail": "https://i.imgur.com/yaIpuxF.png",
  "banner": "",
  "fanart": "",
  "categories": [
    "tvshow",
    "anime"
  ],
  "settings": [
    {
      "id": "include_in_global_search",
      "type": "bool",
      "label": "Incluir en busqueda global",
      "default": true,
      "enabled": true,
      "visible": true
    },
    {
      "id": "include_in_newest_series",
      "type": "bool",
      "label": "Incluir en Novedades - Series",
      "default": true,
      "enabled": true,
      "visible": true
    },
    {
      "id": "filter_languages",
      "type": "list",
      "label": "Mostrar enlaces en idioma...",
      "default": 0,
      "enabled": true,
      "visible": true,
      "lvalues": [
        "No filtrar",
        "Latino",
        "Castellano",
        "VOSE"
      ]
    }
  ]
}
