{
  "id": "allpeliculasse",
  "name": "AllPeliculasSe",
  "thumbnail": "allpeliculasse.jpg",

  "active": true,

  "searchable": true,
  "search_types": ["all", "movie", "tvshow"],

  "categories": ["movie", "tvshow", "torrent"],
  "language": ["cast", "lat", "vose"],

  "clusters": ["torrents", "rankings", "producers", "years", "countries", "languages", "qualityes", "kids", "docs", "vos", "anime", "4k"],

  "notes": "Canal con enlaces Streaming y Torrent. Películas por géneros. Series por Géneros. Puede requerir el uso de proxies en función del país/operadora desde el que se accede."
}
