<?xml version="1.0" encoding="UTF-8"?>
<window type="dialog" id="1152">
    <defaultcontrol always="true">8000</defaultcontrol>
    <controls>
        <control type="group">
            <include>Dimension_DialogSideMenu</include>
            <include>Animation_Right_Delay</include>
            <include content="Dialog_Dim_Side">
                <param name="slide_animation">False</param>
            </include>

            <include content="Dialog_Foreground_Side">
                <param name="dialog_size">Dimension_DialogSideMenu</param>
                <param name="lines_right">0</param>
                <param name="topline">true</param>
                <param name="subline">true</param>

                <!-- Header -->
                <include content="Dialog_Head">
                    <param name="label">$LOCALIZE[15225]</param>
                </include>
                <include>Dialog_Head_CloseButton</include>

                <!-- Content -->
                <control type="group">
                    <include>Dimension_Dialog_Body</include>
                    <include content="List_DialogSelect">
                        <param name="id">8000</param>
                        <param name="misc">String.IsEqual(Window(1105).Property(SearchDiscover.ProviderLabel),ListItem.Label)</param>
                        <include>Dimension_Dialog_Body_Group</include>
                        <pagecontrol>61</pagecontrol>
                        <onright>61</onright>
                        <onleft>Close</onleft>
                        <onclick condition="!String.IsEqual(Window(1105).Property(SearchDiscover.ProviderLabel),Container(8000).ListItem.Label)">SetProperty(SearchDiscover.ProviderLabel,$INFO[Container(8000).ListItem.Label],1105)</onclick>
                        <onclick condition="!String.IsEqual(Window(1105).Property(SearchDiscover.ProviderLabel),Container(8000).ListItem.Label)">SetProperty(SearchDiscover.ProviderID,$INFO[Container(8000).ListItem.Property(TMDb_ID)]$INFO[Container(8000).ListItem.Property(item.watch_region),&amp;watch_region=,],1105)</onclick>
                        <onclick condition="String.IsEqual(Window(1105).Property(SearchDiscover.ProviderLabel),Container(8000).ListItem.Label)">ClearProperty(SearchDiscover.ProviderLabel,1105)</onclick>
                        <onclick condition="String.IsEqual(Window(1105).Property(SearchDiscover.ProviderLabel),Container(8000).ListItem.Label)">ClearProperty(SearchDiscover.ProviderID,1105)</onclick>
                        <onclick>Close</onclick>
                        <!-- <content>plugin://plugin.video.themoviedb.helper/?info=watch_providers&amp;tmdb_type=movie</content> -->
                        <content>plugin://plugin.video.themoviedb.helper/?info=watch_providers&amp;tmdb_type=tv</content>
                    </include>
                    <include content="Dialog_Scrollbar">
                        <param name="id">61</param>
                        <onleft>8000</onleft>
                    </include>
                </control>
            </include>

        </control>

    </controls>
</window>