<?xml version="1.0" encoding="UTF-8"?>
<window>
    <include>Action_Blur_Onload</include>
    <onload>Skin.SetString(TMDbHelper.MonitorContainer,99950)</onload>
    <onload>AlarmClock(SplashTimeOut,noop,00:59,silent)</onload>
    <onload>ClearProperty(EndRow.HasFocus)</onload>
    <include>Generator_BuildTextures_Onload</include>

    <include content="Action_Hubs_Onload">
        <param name="window_id">Home</param>
    </include>

    <onload>ClearProperty(BlurImage,Home)</onload>
    <onload>ClearProperty(BlurImage.Original,Home)</onload>

    <onload condition="!Skin.HasSetting(Wizard.FirstRun)">ActivateWindow(1180)</onload>

    <controls>
        <include content="Hub_Controls">
            <param name="window_id">Home</param>
            <param name="widgets_only">Skin.HasSetting(Hub.Home.DisableSubmenu)</param>
            <param name="widgets_include">skinvariables-homemenu-widgetsonly</param>
            <param name="categories">homemenu</param>
        </include>

        <!-- Widget Splash -->
        <include>Hub_Widget_Splash</include>

        <!-- <include>Overlay_Window_DebugInfo</include> -->
    </controls>
</window>
