<?xml version="1.0" encoding="UTF-8"?>
<window id="2600">
    <defaultcontrol always="true">8000</defaultcontrol>
    <menucontrol>9000</menucontrol>
    <onload>SetProperty(TMDbHelper.WidgetContainer,8000)</onload>
    <include content="_Action_Blur_Onload">
        <param name="sourceimage">Art(fanart)|Property(fanart)|Icon</param>
    </include>
    <controls>

        <include>Defs_TMDbHelper_Loader</include>
        <include>Background_Main</include>
        <control type="image">
            <texture colordiffuse="$VAR[ColorBackground]">background/combined_overlay.png</texture>
            <include>Animation_FadeIn</include>
            <include>Animation_FadeOut</include>
        </control>
        <include>Background_Transition</include>

        <control type="group">
            <include>Animation_View_WindowChange</include>

            <control type="list" id="8000">
                <orientation>vertical</orientation>
                <autoscroll delay="0" time="20000" repeat="0">true</autoscroll>
                <onclick>Weather.LocationNext</onclick>
                <onleft>303</onleft>
                <onright>ActivateWindow(1161)</onright>
                <itemlayout />
                <focusedlayout />
                <include>Items_Weather_Screenshots</include>
            </control>

            <include content="Info_Viewline">
                <param name="label">$INFO[System.AddonTitle(Weather.Plugin)]</param>
            </include>

            <include content="Weather_InfoPanel">
                <left>view_side</left>
                <top>view_top</top>
            </include>

            <control type="group">
                <bottom>view_top</bottom>
                <left>view_side</left>
                <height>view_poster_item_h</height>
                <width>view_board_item_w</width>
                <include>Weather_Fanart_HighLow</include>
            </control>

            <include content="Dialog_Outline_Box">
                <left>760</left>
                <top>160</top>
                <bottom>160</bottom>
                <right>view_pad</right>
                <control type="group">
                    <include content="Dimension_Padding">
                        <param name="pad">20</param>
                    </include>
                    <control type="group">
                        <width>640</width>
                        <include content="Weather_Detail_Forecast">
                            <param name="height">200</param>
                            <height>200</height>
                        </include>
                        <control type="group">
                            <top>200</top>
                            <height>200</height>
                            <left>20</left>
                            <right>20</right>
                            <control type="grouplist">
                                <centertop>50%</centertop>
                                <height>160</height>
                                <orientation>horizontal</orientation>
                                <align>left</align>
                                <itemgap>40</itemgap>
                                <!-- UV -->
                                <include content="Weather_Dialog_Details">
                                    <param name="top_label">UV</param>
                                    <param name="sub_label">$INFO[Window(Weather).Property(Current.UVIndex)]</param>
                                    <include content="Dialog_Outline_Box">
                                        <top>-20</top>
                                        <bottom>-20</bottom>
                                    </include>
                                    <height>120</height>
                                    <centertop>50%</centertop>
                                    <width>173.33</width>
                                    <visible>!String.IsEmpty(Window(Weather).Property(Current.UVIndex))</visible>
                                </include>
                                <!-- UV -->
                                <include content="Weather_Dialog_Details">
                                    <param name="top_label">$INFO[Window(Weather).Property(Current.FeelsLike), ,°]</param>
                                    <param name="sub_label">[CAPITALIZE]$LOCALIZE[402][/CAPITALIZE]</param>
                                    <include content="Dialog_Outline_Box">
                                        <top>-20</top>
                                        <bottom>-20</bottom>
                                    </include>
                                    <height>120</height>
                                    <centertop>50%</centertop>
                                    <width>173.33</width>
                                    <visible>!String.IsEmpty(Window(Weather).Property(Current.FeelsLike))</visible>
                                </include>
                                <!-- Chance Rain -->
                                <include content="Weather_Dialog_Details">
                                    <param name="sub_label">[CAPITALIZE]$LOCALIZE[31465][/CAPITALIZE]</param>
                                    <param name="top_label">$INFO[Window(Weather).Property(Current.ChancePrecipitation)]</param>
                                    <include content="Dialog_Outline_Box">
                                        <top>-20</top>
                                        <bottom>-20</bottom>
                                    </include>
                                    <height>120</height>
                                    <centertop>50%</centertop>
                                    <width>173.33</width>
                                    <visible>!String.IsEmpty(Window(Weather).Property(Current.ChancePrecipitation))</visible>
                                </include>
                            </control>
                        </control>
                        <include content="Weather_Detail_SunriseSunset">
                            <bottom>0</bottom>
                            <right>0</right>
                        </include>
                        <include content="Weather_Detail_WindRain">
                            <bottom>0</bottom>
                        </include>
                    </control>
                    <control type="group">
                        <left>640</left>
                        <include content="Weather_Detail_Weekly_Simple">
                            <param name="height">120</param>
                        </include>
                    </control>
                </control>
            </include>

            <control type="grouplist">
                <hitrect x="0" y="0" w="0" h="0" />
                <orientation>horizontal</orientation>
                <itemgap>30</itemgap>
                <height>80</height>
                <centerbottom>100</centerbottom>
                <usecontrolcoords>true</usecontrolcoords>
                <left>120</left>
                <control type="group">
                    <width>50</width>
                </control>
                <control type="group">
                    <width>50</width>
                    <include>Info_KodiLogo_Image</include>
                </control>

                <control type="group">
                    <left>0</left>
                    <include content="Object_InfoCircle_Text_Top">
                        <width>auto</width>
                        <label>$LOCALIZE[15225]</label>
                    </include>
                    <include content="Object_InfoCircle_Text_Sub">
                        <label>$INFO[Window(Weather).Property(WeatherProvider)]</label>
                        <width>auto</width>
                    </include>
                </control>
            </control>
            <include>Furniture_Bottom_Right</include>

        </control>

        <include>Home_Menu_Media</include>
        <control type="group">
            <include>Animation_View_WindowChange</include>
            <include>Furniture_Top</include>
        </control>


        <include content="Furniture_Busy">
            <param name="hasspinner">true</param>
            <param name="spinspinner">true</param>
            <param name="icon">special://skin/extras/icons/kodi.png</param>
            <param name="hasbackground">Skin.HasSetting(ToastNotifications.Tabbed)</param>
            <param name="haslabel">Skin.HasSetting(ToastNotifications.Tabbed)</param>
            <param name="spinnervisible">Skin.HasSetting(ToastNotifications.Tabbed) | [!Window.IsActive(DialogVolumeBar.xml) | Player.Muted]</param>
            <param name="visible">[!Skin.HasSetting(ToastNotifications.Tabbed) | [!Window.IsActive(DialogVolumeBar.xml) | Player.Muted]] + !Weather.IsFetched</param>
        </include>

    </controls>

</window>
