<?xml version="1.0" encoding="UTF-8" standalone="yes"?>
<addon id="plugin.program.tvbanwizardP" name="[B][COLOR azure]TVBAN[/COLOR] [COLOR tan]WIZARD[/COLOR][/B]" version="6.1.25" provider-name="[B][COLOR azure]JoseaTeba[/COLOR][/B]">
    <requires>
        <import addon="xbmc.python" version="3.0.1" />
        <import addon="script.module.accountmgr" optional="true"/>
		<import addon="service.installlitebinaries" optional="true"/>
		<import addon="service.installmybinaries" optional="true"/>
		<import addon="service.installrwbinaries" optional="true"/>
    </requires>    
    <extension point="xbmc.python.pluginsource" library="default.py">
        <provides>executable</provides>
    </extension>    
    <extension point="xbmc.service" library="startup.py" start="startup" />
    <extension point="xbmc.addon.metadata">
        <summary lang="es">
	[COLOR azure]TVBAN[/COLOR] [COLOR cyan]MATNEXOM[/COLOR], 
	tu [COLOR azure]tvban[COLOR tan]Wizard[/COLOR] para [COLOR teal]KODI[/COLOR]	
	    </summary>
    	<description lang="es">
[COLOR lime][B]CREDITOS:[/COLOR][/B] 
[COLOR white][B]• Developers:[/B]      [COLOR darkorange]JoseaTeba[/COLOR]
[COLOR white][B]• Testers:[/B]             [COLOR darkorange]JoseaTeba, [COLOR moccasin]Amillans[/COLOR]
[COLOR white][B]• Telegram:[/B]         [COLOR dodgerblue]t.me/+andtvban[/COLOR]</description>
        <disclaimer lang="es">[COLOR tan][B]Está Prohibida su distribución, cedido por su autor, editado por [COLOR azure]JoseaTeba [COLOR tan]y Protegidos por los Derechos del Autor y Editor.
[COLOR khaki]Este Add-on no aloja ningún contenido y no tiene ninguna afiliación con los proveedores de contenido.[/B][/COLOR]</disclaimer>
		<platform>all</platform>
		<reuselanguageinvoker>false</reuselanguageinvoker>
		<license>GPL-2.0-or-later</license>
        <source>https://andtvban.github.io/tvban/</source>
		<news>
• Compatible con Kodi 21 Omega y Kodi 22 Piers (y Kodi 20 Nexus, solo mantenimiento)
- Bifurcación de Simple Wizard v3.0.8 de Slamious, Sarge, Funsterbe y BYB
- Múltiples cambios, adiciones y correcciones, consulte changelog.txt
¤ Guardar configuración avanzada habilitada e integrada con el Administrador de cuentas (no es necesario incluir en la lista blanca los complementos compatibles)		
• [COLOR darkorange]3/07/2024[/COLOR]	
- Nuevo color. 
</news>
	<assets>
	    <icon>resources/media/icon.png</icon>
        <fanart>resources/media/fanart.jpg</fanart>
		<screenshot>resources/media/screenshot01.jpg</screenshot>
		<screenshot>resources/media/screenshot02.jpg</screenshot>
		<screenshot>resources/media/screenshot03.jpg</screenshot>
		<screenshot>resources/media/screenshot04.jpg</screenshot>
		<screenshot>resources/media/screenshot05.jpg</screenshot>
		<screenshot>resources/media/screenshot06.jpg</screenshot>
		<screenshot>resources/media/screenshot07.jpg</screenshot>
		<screenshot>resources/media/screenshot08.jpg</screenshot>
		<screenshot>resources/media/screenshot09.jpg</screenshot>
		<screenshot>resources/media/screenshot10.jpg</screenshot>
		<screenshot>resources/media/screenshot11.jpg</screenshot>
	</assets>
	<license>GNU GENERAL PUBLIC LICENSE Version 3</license>
		<email></email>
		<website></website>
    </extension>
</addon>
		