<?xml version="1.0" encoding="UTF-8" standalone="yes"?>
<addon id="plugin.video.tdtspain"
       name="Tv España"
       version="1.0.9"
       provider-name="Escacharraos">

    <requires>
        <import addon="xbmc.python" version="3.0.0"/>
    </requires>

    <extension point="xbmc.python.pluginsource"
               library="main.py">
        <provides>video</provides>
    </extension>

    <extension point="xbmc.addon.metadata">
        <summary>TDT España en directo</summary>
        <description>Canales de televisión española en streaming</description>
        <platform>all</platform>

        <assets>
            <icon>tv.png</icon>
            <fanart>fanart.jpg</fanart>
        </assets>
    </extension>

</addon>
