<?xml version="1.0" encoding="utf-8"?>
<addon id="plugin.video.alfa" name="Alfa" version="3.10.9" provider-name="Alfa Addon">
    <requires>
        <import addon="script.module.requests" />
        <import addon="script.module.beautifulsoup4" version="4.5.3" />
        <import addon="script.module.html5lib" version="0.999.0" />
        <import addon="script.module.js2py" />
        <import addon="script.module.pyaes" />
        <import addon="script.module.rijndael" />
        <import addon="script.module.brotlipython" />
        <import addon="script.module.requests-toolbelt" />
        <import addon="script.module.futures" />
        <import addon="script.alfa-update-helper" optional="true" />
        <import addon="script.module.pyqrcode" optional="true" />
    </requires>
    <extension point="xbmc.python.pluginsource" library="default.py">
        <provides>video</provides>
    </extension>
    <extension point="xbmc.addon.metadata">
        <summary lang="ca">Navega amb Kodi per pàgines web.</summary>
        <summary lang="en">Browse web pages using Kodi</summary>
        <summary lang="es">Navega con Kodi por páginas web.</summary>
        <summary lang="it">Sfoglia le pagine web con Kodi.</summary>
        <summary lang="pt">Navegue por páginas da web com Kodi.</summary>
        <description lang="ca">Navega amb Kodi per pàgines web per veure els vídeos de manera fàcil.</description>
        <description lang="en">Browse web pages using Kodi to easily watch their video content.</description>
        <description lang="es">Navega con Kodi por páginas web para ver sus videos de manera fácil.</description>
        <description lang="it">Sfoglia le pagine web con Kodi per guardare facilmente i tuoi video.</description>
        <description lang="pt">Navegue pelas páginas da web com Kodi para assistir seus vídeos
            facilmente.</description>
        <disclaimer lang="ca">[COLOR red]Els propietaris i distribuïdors d'aquest complemento no
            proveeixen ni distribueixen cap contingut mostrat pel complemento ni tenen affiliación
            alguna amb els proveïdors de l'contingut.[/COLOR]</disclaimer>
        <disclaimer lang="en">[COLOR red]The owners and submitters to this addon do not host or
            distribute any of the content displayed by these addons nor do they have any affiliation
            with the content providers.[/COLOR]</disclaimer>
        <disclaimer lang="es">[COLOR red]Los propietarios y distribuidores de este addon no proveen
            ni distribuyen ningún contenido mostrado por el addon ni tienen affiliación alguna con
            los proveedores del contenido.[/COLOR]</disclaimer>
        <disclaimer lang="it">[COLOR red]I proprietari e i distributori di questo addon aggiuntivo
            non forniscono o distribuiscono alcun contenuto visualizzato dal addon aggiuntivo né
            hanno alcuna affiliazione con i fornitori di contenuti.[/COLOR]</disclaimer>
        <disclaimer lang="pt">[COLOR red]Os proprietários e distribuidores deste addon não fornecem
            ou distribuem qualquer conteúdo exibido pelo addon nem têm qualquer afiliação com os
            provedores de conteúdo.[/COLOR]</disclaimer>
        <platform>all</platform>
        <license>GNU GPL v3</license>
        <source>https://github.com/alfa-addon/addon</source>
        <news>
    [B]Estos son los cambios para esta versión:[/B]
    - +18
    - Don Torrent
    - Gran Torrent
    - Hack Torrent
    - HDFull
    - HDFullS: Desactivado
    - Mejortorrent
    - Osjonosu: Desactivado
    - Pelispanda
    - Pelitorrent
    - Playdede
    - SeriesKao
    - Yaske</news>
        <assets>
            <icon>resources/icon.png</icon>
            <fanart>resources/fanart.jpg</fanart>
            <screenshot>resources/media/screenshots/1.jpg</screenshot>
            <screenshot>resources/media/screenshots/2.jpg</screenshot>
            <screenshot>resources/media/screenshots/3.jpg</screenshot>
            <screenshot>resources/media/screenshots/4.jpg</screenshot>
        </assets>
    </extension>
    <extension point="xbmc.service" library="videolibrary_service.py" start="login|startup"></extension>
</addon>
