<?xml version="1.0" encoding="UTF-8"?>
<window type="dialog" id="1162">
    <defaultcontrol always="true">450</defaultcontrol>
    <onunload>ClearProperty(Path,1162)</onunload>
    <onunload>ClearProperty(Target,1162)</onunload>
    <onunload>ClearProperty(Header,1162)</onunload>
    <controls>

        <include content="DialogCustom1162_Main" condition="String.IsEmpty(Window(Home).Property(CustomDialog1162.Expanded))">
            <param name="include_artwork">false</param>
            <param name="lines_right">0</param>
            <param name="dialog_size">Dimension_DialogSideMenu</param>
        </include>

        <include condition="!String.IsEmpty(Window(Home).Property(CustomDialog1162.Expanded))">DialogCustom1162_Main</include>

        <include content="Furniture_Busy">
            <param name="hasspinner">true</param>
            <param name="spinspinner">true</param>
            <param name="icon">special://skin/extras/icons/kodi.png</param>
            <param name="hasbackground">Skin.HasSetting(ToastNotifications.Tabbed)</param>
            <param name="haslabel">Skin.HasSetting(ToastNotifications.Tabbed)</param>
            <param name="spinnervisible">Skin.HasSetting(ToastNotifications.Tabbed) | [!Window.IsActive(DialogVolumeBar.xml) | Player.Muted]</param>
            <param name="visible_delay">400</param>
            <param name="windowopen_condition">False</param>
            <param name="visible">[Container(450).IsUpdating]</param>
        </include>

    </controls>
</window>
