<?xml version="1.0" encoding="UTF-8"?>
<window type="dialog" id="1151">
    <defaultcontrol always="true">8000</defaultcontrol>
    <controls>

        <control type="group">
            <include>Dimension_DialogSideMenu</include>
            <include>Animation_Right_Delay</include>
            <include content="Dialog_Dim_Side">
                <param name="slide_animation">False</param>
            </include>

            <include content="Dialog_Foreground_Side">
                <param name="dialog_size">Dimension_DialogSideMenu</param>
                <param name="slide_animation">False</param>
                <param name="lines_right">0</param>
                <param name="topline">true</param>
                <param name="subline">true</param>

                <!-- Header -->
                <include content="Dialog_Head">
                    <param name="label">$LOCALIZE[515]</param>
                </include>
                <include>Dialog_Head_CloseButton</include>

                <!-- Content -->
                <control type="group">
                    <include>Dimension_Dialog_Body</include>
                    <include content="List_DialogSelect">
                        <param name="id">8000</param>
                        <param name="misc">String.IsEqual(Window(1105).Property(SearchDiscover.GenreLabel),ListItem.Label)</param>
                        <include>Dimension_Dialog_Body_Group</include>
                        <pagecontrol>61</pagecontrol>
                        <onright>61</onright>
                        <onleft>Close</onleft>

                        <onclick condition="!String.IsEqual(Window(1105).Property(SearchDiscover.GenreLabel),Container(8000).ListItem.Label)">SetProperty(SearchDiscover.FilmGenreID,$INFO[Container(8000).ListItem.Property(FilmGenreID)],1105)</onclick>
                        <onclick condition="!String.IsEqual(Window(1105).Property(SearchDiscover.GenreLabel),Container(8000).ListItem.Label)">SetProperty(SearchDiscover.ShowGenreID,$INFO[Container(8000).ListItem.Property(ShowGenreID)],1105)</onclick>
                        <onclick condition="!String.IsEqual(Window(1105).Property(SearchDiscover.GenreLabel),Container(8000).ListItem.Label)">SetProperty(SearchDiscover.GenreLabel,$INFO[Container(8000).ListItem.Label],1105)</onclick>

                        <onclick condition="String.IsEqual(Window(1105).Property(SearchDiscover.GenreLabel),Container(8000).ListItem.Label)">ClearProperty(SearchDiscover.FilmGenreID,1105)</onclick>
                        <onclick condition="String.IsEqual(Window(1105).Property(SearchDiscover.GenreLabel),Container(8000).ListItem.Label)">ClearProperty(SearchDiscover.ShowGenreID,1105)</onclick>
                        <onclick condition="String.IsEqual(Window(1105).Property(SearchDiscover.GenreLabel),Container(8000).ListItem.Label)">ClearProperty(SearchDiscover.GenreLabel,1105)</onclick>

                        <onclick>Close</onclick>
                        <content>
                            <item>
                                <property name="FilmGenreID">$NUMBER[28]</property>
                                <property name="ShowGenreID">$NUMBER[10759]</property>
                                <label>Action</label>
                            </item>
                            <item>
                                <property name="FilmGenreID">$NUMBER[12]</property>
                                <property name="ShowGenreID">$NUMBER[10759]</property>
                                <label>Adventure</label>
                            </item>
                            <item>
                                <property name="FilmGenreID">$NUMBER[16]</property>
                                <property name="ShowGenreID">$NUMBER[16]</property>
                                <label>Animation</label>
                            </item>
                            <item>
                                <property name="FilmGenreID">$NUMBER[35]</property>
                                <property name="ShowGenreID">$NUMBER[35]</property>
                                <label>Comedy</label>
                            </item>
                            <item>
                                <property name="FilmGenreID">$NUMBER[80]</property>
                                <property name="ShowGenreID">$NUMBER[80]</property>
                                <label>Crime</label>
                            </item>
                            <item>
                                <property name="FilmGenreID">$NUMBER[99]</property>
                                <property name="ShowGenreID">$NUMBER[99]</property>
                                <label>Documentary</label>
                            </item>
                            <item>
                                <property name="FilmGenreID">$NUMBER[18]</property>
                                <property name="ShowGenreID">$NUMBER[18]</property>
                                <label>Drama</label>
                            </item>
                            <item>
                                <property name="FilmGenreID">$NUMBER[10751]</property>
                                <property name="ShowGenreID">$NUMBER[10751]</property>
                                <label>Family</label>
                            </item>
                            <item>
                                <property name="FilmGenreID">$NUMBER[14]</property>
                                <property name="ShowGenreID">$NUMBER[10765]</property>
                                <label>Fantasy</label>
                            </item>
                            <item>
                                <property name="FilmGenreID">$NUMBER[36]</property>
                                <property name="ShowGenreID">$NUMBER[36]</property>
                                <label>History</label>
                            </item>
                            <item>
                                <property name="FilmGenreID">$NUMBER[27]</property>
                                <property name="ShowGenreID">$NUMBER[27]</property>
                                <label>Horror</label>
                            </item>
                            <item>
                                <property name="FilmGenreID">$NUMBER[10402]</property>
                                <property name="ShowGenreID">$NUMBER[10402]</property>
                                <label>Music</label>
                            </item>
                            <item>
                                <property name="FilmGenreID">$NUMBER[9648]</property>
                                <property name="ShowGenreID">$NUMBER[9648]</property>
                                <label>Mystery</label>
                            </item>
                            <item>
                                <property name="FilmGenreID">$NUMBER[10749]</property>
                                <property name="ShowGenreID">$NUMBER[10766]</property>
                                <label>Romance</label>
                            </item>
                            <item>
                                <property name="FilmGenreID">$NUMBER[878]</property>
                                <property name="ShowGenreID">$NUMBER[10765]</property>
                                <label>Science Fiction</label>
                            </item>
                            <item>
                                <property name="FilmGenreID">$NUMBER[10770]</property>
                                <property name="ShowGenreID">$NUMBER[10770]</property>
                                <label>TV Movie</label>
                            </item>
                            <item>
                                <property name="FilmGenreID">$NUMBER[53]</property>
                                <property name="ShowGenreID">$NUMBER[53]</property>
                                <label>Thriller</label>
                            </item>
                            <item>
                                <property name="FilmGenreID">$NUMBER[10752]</property>
                                <property name="ShowGenreID">$NUMBER[10768]</property>
                                <label>War</label>
                            </item>
                            <item>
                                <property name="FilmGenreID">$NUMBER[37]</property>
                                <property name="ShowGenreID">$NUMBER[37]</property>
                                <label>Western</label>
                            </item>
                        </content>
                    </include>
                    <include content="Dialog_Scrollbar">
                        <param name="id">61</param>
                        <onleft>8000</onleft>
                    </include>
                </control>
            </include>

        </control>


    </controls>
</window>