<?xml version="1.0" encoding="UTF-8"?>
<window type="dialog" id="1140">
    <defaultcontrol always="true">6401</defaultcontrol>
    <onload>CancelAlarm(osd_timeout,true)</onload>
    <include>Animation_OSD_Dialog_WindowChange</include>
    <controls>

        <include content="Defs_TMDbHelper_Loader">
            <param name="label">$VAR[Label_Title]</param>
        </include>

        <control type="group">
            <visible>!Window.IsActive(pvrchannelguide)</visible>
            <visible>!Window.IsActive(pvrosdchannels)</visible>
            <visible>!Window.IsActive(videobookmarks)</visible>
            <visible>!Window.IsActive(1141)</visible>
            <visible>!$EXP[Exp_InfoDialogs]</visible>
            <include>Animation_OSD_Dialog_VisibleChange</include>
            <include content="OSD_CastInfo_ExpandGroup">

                <!-- Episodes List -->
                <include content="List_Landscape_Row">
                    <param name="orientation">horizontal</param>
                    <param name="control">fixedlist</param>
                    <param name="id">6401</param>
                    <include content="Object_ContentDynamic" condition="VideoPlayer.Content(livetv)">
                        <param name="sortby">lastplayed</param>
                        <param name="sortorder">descending</param>
                        <param name="content">pvr://channels/tv/*</param>
                    </include>
                    <include content="Object_ContentDynamic" condition="!VideoPlayer.Content(livetv)">
                        <param name="content">$VAR[Path_OSD_Episodes]</param>
                    </include>
                    <include>OSD_List_Dimensions</include>
                    <onup>Close</onup>
                    <ondown>ActivateWindow($VAR[Action_OSD_1140_OnDown])</ondown>
                    <onfocus>SetProperty(TMDbHelper.WidgetContainer,6401,1140)</onfocus>
                    <onunfocus>ClearProperty(TMDbHelper.WidgetContainer,1140)</onunfocus>
                </include>

                <include content="Object_BusySpinner">
                    <param name="colordiffuse">panel_fg</param>
                    <visible>Container(6401).IsUpdating + Integer.IsEqual(Container(6401).NumItems,0)</visible>
                </include>

                <!-- Info Box -->
                <control type="textbox">
                    <top>340</top>
                    <left>view_side</left>
                    <right>view_pad</right>
                    <label>$INFO[Container(6401).ListItem.Title,, ~ ]$INFO[Container(6401).ListItem.Season,S,]$INFO[Container(6401).ListItem.Episode,E, ]$INFO[Container(6401).ListItem.Plot]</label>
                    <font>font_mini_plot</font>
                    <textcolor>panel_fg_70</textcolor>
                    <height>80</height>
                </control>

            </include>
        </control>
    </controls>
</window>
