<?xml version="1.0" encoding="UTF-8"?>
<window type="window" id="1105">
    <defaultcontrol always="true">52</defaultcontrol>
    <menucontrol>303</menucontrol>

    <include>Action_Blur_Onload</include>
    <onload>ClearProperty(TMDbHelper.Image.Override,Home)</onload>
    <onload>AlarmClock(refocus,SetFocus(9098),00:00,silent)</onload>
    <include>Action_PreserveTransitionProp_Onload</include>

    <onunload condition="!String.IsEmpty(Control.GetLabel(9099).index(1))">RunScript(script.skinvariables,add_skinstring_history=SearchHistory,value=$VAR[Path_SearchTerm])</onunload>
    <onunload>ClearProperty(MediaFilterBase,1105)</onunload>
    <onunload>ClearProperty(MediaFilterWall,1105)</onunload>
    <onload>SetProperty(TMDbHelper.WidgetContainer,52)</onload>

    <controls>
        <include>Defs_TMDbHelper_Loader</include>
        <include>Background_Main</include>
        <include>Background_Transition</include>
        <include>Search_View</include>
        <include content="Home_Menu">
            <param name="onlist">6000</param>
        </include>
        <include content="View_Bumper">
            <param name="groupid">5099</param>
        </include>
        <control type="group">
            <include>Animation_Group_Bumper</include>
            <include>Animation_View_SlideOver</include>
            <include>Animation_View_WindowChange</include>
            <visible>!$EXP[Exp_InfoDialogs]</visible>
        </control>
        <include>View_Dialog_VideoPIP</include>
        <include>View_Dialog_Plot</include>
        <include>Search_Filter</include>
    </controls>
</window>
