<?xml version="1.0" encoding="UTF-8"?>
<includes>

    <expression name="Exp_View_50">[[Container.Content(games) + [[String.IsEmpty(Container.PluginName)] | [!String.IsEmpty(Container.PluginName)]]] | [Container.Content(musicvideos) + [[String.IsEmpty(Container.PluginName)] | [!String.IsEmpty(Container.PluginName)]]] | [Container.Content(artists) + [[String.IsEmpty(Container.PluginName)] | [!String.IsEmpty(Container.PluginName)]]] | [Container.Content(albums) + [[String.IsEmpty(Container.PluginName)] | [!String.IsEmpty(Container.PluginName)]]] | [Container.Content(addons) + [[String.IsEmpty(Container.PluginName)] | [!String.IsEmpty(Container.PluginName)]]] | [Window.IsVisible(MyGames.xml) + Container.Content() + [[String.IsEmpty(Container.PluginName)] | [!String.IsEmpty(Container.PluginName)]]] | [!Window.IsVisible(MyGames.xml) + Container.Content() + [[String.IsEmpty(Container.PluginName)] | [!String.IsEmpty(Container.PluginName) + !String.IsEqual(Container.PluginName,plugin.video.alfa) + !String.IsEqual(Container.PluginName,plugin.video.balandro) + !String.IsEqual(Container.PluginName,plugin.video.playlistloader)]]]]</expression>
    <expression name="Exp_View_50_Include">True</expression>
    <expression name="Exp_View_500">[False]</expression>
    <expression name="Exp_View_500_Include">False</expression>
    <expression name="Exp_View_501">[[Container.Content(songs) + [[String.IsEmpty(Container.PluginName)] | [!String.IsEmpty(Container.PluginName)]]] | [!Window.IsVisible(MyGames.xml) + Container.Content() + [String.IsEqual(Container.PluginName,plugin.video.balandro) | String.IsEqual(Container.PluginName,plugin.video.playlistloader)]] | [Container.Content(files) + [String.IsEqual(Container.PluginName,plugin.program.tvbanwizard)]]]</expression>
    <expression name="Exp_View_501_Include">True</expression>
    <expression name="Exp_View_502">[False]</expression>
    <expression name="Exp_View_502_Include">False</expression>
    <expression name="Exp_View_507">[False]</expression>
    <expression name="Exp_View_507_Include">False</expression>
    <expression name="Exp_View_508">[[!Window.IsVisible(MyGames.xml) + Container.Content() + [String.IsEqual(Container.PluginName,plugin.video.alfa)]]]</expression>
    <expression name="Exp_View_508_Include">True</expression>
    <expression name="Exp_View_51">[[Container.Content(images) + [[String.IsEmpty(Container.PluginName)] | [!String.IsEmpty(Container.PluginName)]]] | [Container.Content(videos) + [[String.IsEmpty(Container.PluginName)] | [!String.IsEmpty(Container.PluginName)]]] | [String.IsEqual(Container.Property(param.info),episode_groups) + Container.Content(tvshows) + [[String.IsEmpty(Container.PluginName)] | [!String.IsEmpty(Container.PluginName)]]] | [Container.Content(episodes) + [[String.IsEmpty(Container.PluginName)] | [!String.IsEmpty(Container.PluginName)]]] | [!String.IsEqual(Container.Property(param.info),episode_groups) + Container.Content(tvshows) + [String.IsEqual(Container.PluginName,plugin.video.jellycon)]]]</expression>
    <expression name="Exp_View_51_Include">True</expression>
    <expression name="Exp_View_510">[False]</expression>
    <expression name="Exp_View_510_Include">False</expression>
    <expression name="Exp_View_511">[[Container.Content(movies) + [String.IsEqual(Container.PluginName,plugin.video.balandro) | String.IsEqual(Container.PluginName,plugin.video.the-loop) | String.IsEqual(Container.PluginName,plugin.video.rtve)]]]</expression>
    <expression name="Exp_View_511_Include">True</expression>
    <expression name="Exp_View_512">[[!String.IsEqual(Container.Property(param.info),episode_group_seasons) + Container.Content(seasons) + [[String.IsEmpty(Container.PluginName)] | [!String.IsEmpty(Container.PluginName)]]] | [String.IsEqual(Container.Property(param.info),episode_group_seasons) + Container.Content(seasons) + [[String.IsEmpty(Container.PluginName)] | [!String.IsEmpty(Container.PluginName)]]]]</expression>
    <expression name="Exp_View_512_Include">True</expression>
    <expression name="Exp_View_517">[False]</expression>
    <expression name="Exp_View_517_Include">False</expression>
    <expression name="Exp_View_52">[[Container.Content(movies) + [[String.IsEmpty(Container.PluginName)] | [!String.IsEmpty(Container.PluginName) + !String.IsEqual(Container.PluginName,plugin.video.palantir3) + !String.IsEqual(Container.PluginName,plugin.video.tacones) + !String.IsEqual(Container.PluginName,plugin.video.alfa) + !String.IsEqual(Container.PluginName,plugin.video.balandro) + !String.IsEqual(Container.PluginName,plugin.video.the-loop) + !String.IsEqual(Container.PluginName,plugin.video.blackghost) + !String.IsEqual(Container.PluginName,plugin.video.rtve)]]] | [Container.Content(sets) + [[String.IsEmpty(Container.PluginName)] | [!String.IsEmpty(Container.PluginName)]]] | [!String.IsEqual(Container.Property(param.info),episode_groups) + Container.Content(tvshows) + [[String.IsEmpty(Container.PluginName)] | [!String.IsEmpty(Container.PluginName) + !String.IsEqual(Container.PluginName,plugin.video.jellycon) + !String.IsEqual(Container.PluginName,plugin.video.palantir3)]]] | [Container.Content(actors) + [[String.IsEmpty(Container.PluginName)] | [!String.IsEmpty(Container.PluginName)]]]]</expression>
    <expression name="Exp_View_52_Include">True</expression>
    <expression name="Exp_View_520">[False]</expression>
    <expression name="Exp_View_520_Include">False</expression>
    <expression name="Exp_View_521">[[Container.Content(movies) + [String.IsEqual(Container.PluginName,plugin.video.alfa) | String.IsEqual(Container.PluginName,plugin.video.blackghost)]]]</expression>
    <expression name="Exp_View_521_Include">True</expression>
    <expression name="Exp_View_522">[False]</expression>
    <expression name="Exp_View_522_Include">False</expression>
    <expression name="Exp_View_527">[False]</expression>
    <expression name="Exp_View_527_Include">False</expression>
    <expression name="Exp_View_54">[False]</expression>
    <expression name="Exp_View_54_Include">False</expression>
    <expression name="Exp_View_540">[[!Window.IsVisible(MyMusicNav.xml) + Container.Content(genres) + [[String.IsEmpty(Container.PluginName)] | [!String.IsEmpty(Container.PluginName)]]] | [!Window.IsVisible(MyMusicNav.xml) + Container.Content(years) + [[String.IsEmpty(Container.PluginName)] | [!String.IsEmpty(Container.PluginName)]]] | [Window.IsVisible(MyMusicNav.xml) + Container.Content(genres) + [[String.IsEmpty(Container.PluginName)] | [!String.IsEmpty(Container.PluginName)]]] | [Window.IsVisible(MyMusicNav.xml) + Container.Content(years) + [[String.IsEmpty(Container.PluginName)] | [!String.IsEmpty(Container.PluginName)]]] | [Container.Content(studios) + [[String.IsEmpty(Container.PluginName)] | [!String.IsEmpty(Container.PluginName)]]] | [Container.Content(directors) + [[String.IsEmpty(Container.PluginName)] | [!String.IsEmpty(Container.PluginName)]]] | [Container.Content(countries) + [[String.IsEmpty(Container.PluginName)] | [!String.IsEmpty(Container.PluginName)]]] | [Container.Content(tags) + [[String.IsEmpty(Container.PluginName)] | [!String.IsEmpty(Container.PluginName)]]] | [Container.Content(roles) + [[String.IsEmpty(Container.PluginName)] | [!String.IsEmpty(Container.PluginName)]]] | [Container.Content(playlists) + [[String.IsEmpty(Container.PluginName)] | [!String.IsEmpty(Container.PluginName)]]] | [Container.Content(files) + [[String.IsEmpty(Container.PluginName)] | [!String.IsEmpty(Container.PluginName) + !String.IsEqual(Container.PluginName,plugin.program.tvbanwizard)]]] | [Container.Content(sources) + [[String.IsEmpty(Container.PluginName)] | [!String.IsEmpty(Container.PluginName)]]]]</expression>
    <expression name="Exp_View_540_Include">True</expression>
    <expression name="Exp_View_550">[False]</expression>
    <expression name="Exp_View_550_Include">False</expression>
    <expression name="Exp_View_551">[False]</expression>
    <expression name="Exp_View_551_Include">False</expression>
    <expression name="Exp_View_552">[False]</expression>
    <expression name="Exp_View_552_Include">False</expression>
    <expression name="Exp_View_557">[False]</expression>
    <expression name="Exp_View_557_Include">False</expression>
    <expression name="Exp_View_558">[False]</expression>
    <expression name="Exp_View_558_Include">False</expression>
    <expression name="Exp_View_56">[False]</expression>
    <expression name="Exp_View_56_Include">False</expression>
    <expression name="Exp_View_560">[False]</expression>
    <expression name="Exp_View_560_Include">False</expression>
    <expression name="Exp_View_57">[[Container.Content(movies) + [String.IsEqual(Container.PluginName,plugin.video.palantir3)]]]</expression>
    <expression name="Exp_View_57_Include">True</expression>
    <expression name="Exp_View_570">[False]</expression>
    <expression name="Exp_View_570_Include">False</expression>
    <expression name="Exp_View_572">[[!String.IsEqual(Container.Property(param.info),episode_groups) + Container.Content(tvshows) + [String.IsEqual(Container.PluginName,plugin.video.palantir3)]]]</expression>
    <expression name="Exp_View_572_Include">True</expression>
    <expression name="Exp_View_58">[[Container.Content(movies) + [String.IsEqual(Container.PluginName,plugin.video.tacones)]]]</expression>
    <expression name="Exp_View_58_Include">True</expression>
    <expression name="Exp_View_580">[False]</expression>
    <expression name="Exp_View_580_Include">False</expression>
    <expression name="Exp_View_581">[False]</expression>
    <expression name="Exp_View_581_Include">False</expression>
</includes>