{
  "id": "cliversite",
  "name": "CliverSite",
  "thumbnail": "cliversite.jpg",

  "active": true,

  "searchable": true,
  "search_types": ["all", "movie", "tvshow"],

  "categories": ["movie", "tvshow"],
  "language": ["cast", "lat", "vose"],

  "clusters": ["current", "news", "rankings", "years", "lasts", "kids", "docs", "vos"],

  "notes": "Películas por géneros, año. Series por Géneros. Puede requerir el uso de proxies en función del país/operadora desde el que se accede."
}
