{
  "id": "dilo",
  "name": "Dilo",
  "thumbnail": "dilo.png",

  "active": false,

  "searchable": true,
  "search_types": ["tvshow"],

  "categories": ["tvshow"],
  "language": ["cast", "lat", "vose"],

  "clusters": ["suggested", "notice", "lasts", "years", "countries", "adults", "kids", "docs", "vos"],

  "notes": "Web CERRADA. Series por Géneros, año, país. También dispone de Películas catalogadas como episodios. Puede requerir el uso de proxies en función del país/operadora desde el que se accede."
}
