{
  "id": "elitetorrentnz",
  "name": "EliteTorrentNz",
  "thumbnail": "elitetorrentnz.jpg",

  "active": true,

  "searchable": true,
  "search_types": ["all", "movie", "tvshow"],

  "categories": ["movie", "tvshow", "torrent"],
  "language": ["cast", "lat", "vose", "vo"],

  "clusters": ["current", "torrents", "news", "lasts", "qualityes", "languages", "years", "kids", "docs"],

  "notes": "Canal con enlaces Torrent exclusivamente. Películas y series, por géneros, calidad, idioma y año."
}