{
  "id": "gnulatop",
  "name": "GnulaTop",
  "thumbnail": "gnulatop.jpg",

  "active": true,

  "searchable": true,
  "search_types": ["all", "movie", "tvshow"],

  "categories": ["movie", "tvshow"],
  "language": ["cast", "lat", "vose"],

  "clusters": ["news", "rankings", "years", "infantil", "classic", "anime", "producers", "kids", "docs"],

  "notes": "Películas por géneros y año. Series por Géneros. Puede requerir el uso de proxies en función del país/operadora desde el que se accede."
}