{
  "id": "nextdede",
  "name": "NextDede",
  "thumbnail": "nextdede.jpg",

  "active": false,

  "searchable": true,
  "search_types": ["all", "movie", "tvshow"],

  "categories": ["movie", "tvshow"],
  "language": ["cast", "lat", "vose", "vo"],

  "clusters": ["temporary", "register", "current", "suggested", "news", "rankings", "years", "lists", "lasts", "kids", "docs", "vos"],

  "notes": "Películas por géneros y año. Series por Géneros y año. Dispone de varios posibles dominios. Puede requerir el uso de proxies en función del país/operadora desde el que se accede."
}
