{
  "id": "torrentpelis",
  "name": "TorrentPelis",
  "thumbnail": "torrentpelis.jpg",

  "active": false,

  "searchable": true,
  "search_types": ["movie"],

  "categories": ["movie", "torrent"],
  "language": ["cast", "lat", "vose"],

  "clusters": ["onlyone", "current", "notice", "torrents", "rankings", "lists", "docs", "vos"],

  "notes": "Web CERRADA. Canal con enlaces Torrent exclusivamente. Películas por géneros. Puede requerir el uso de proxies en función del país/operadora desde el que se accede."
}