<contents>
    <value name="comments">Sidemenu Spotlights</value>
    <template>generator/data/parts/basic_include.xmltemplate</template>
    <value name="includes_name">skinvariables-sidemenu-spotlight</value>
    <value name="includes_part">
        <items menu="sidemenu">
            <item>
                <template>generator/data/parts/widgets_spotlight.xmltemplate</template>
                <datafile>generator/data/setup/widgets_spotlight.xml</datafile>
                <value name="spotlight_visible">String.IsEqual(Container({sidemenu_id}).ListItem.Property(guid),{item_guid}) + String.IsEmpty(Container(300).ListItem.Property(spotlight_path))</value>
                <condition>{item_spotlight_path}!=</condition>
                <condition>{item_disabled}!=True</condition>
                <condition>!Skin.HasSetting(Hub.Home.DisableSubmenu)</condition>
            </item>
        </items>
    </value>
</contents>