<?xml version="1.0" encoding="UTF-8"?>
<colors>
    <!-- Main -->
    <color name="main_fg_100">ffdedede</color>
    <color name="main_fg_90">e7dedede</color>
    <color name="main_fg_70">b3dedede</color>
    <color name="main_bg_50">80dedede</color>
    <color name="main_fg_30">4ddedede</color>
    <color name="main_fg_12">1fdedede</color>

    <color name="main_bg_100">ff181818</color>
    <color name="main_bg_90">e7181818</color>
    <color name="main_bg_70">b3181818</color>
    <color name="main_bg_50">80181818</color>
    <color name="main_bg_30">4d181818</color>
    <color name="main_bg_12">1f181818</color>
    
    <color name="shadow_back">e7181818</color>


    <!-- Dialogs -->
    <color name="dialog_nib">ffa3a5ae</color>
    <color name="dialog_overlay">80f0f0f8</color>

    <color name="dialog_bg_100">ffededed</color>
    <color name="dialog_bg_90">e7ededed</color>
    <color name="dialog_bg_70">b3ededed</color>
    <color name="dialog_bg_50">80ededed</color>
    <color name="dialog_bg_30">4dededed</color>
    <color name="dialog_bg_12">1fededed</color>

    <color name="dialog_fg_100">ff181818</color>
    <color name="dialog_fg_90">e7181818</color>
    <color name="dialog_fg_70">b3181818</color>
    <color name="dialog_fg_50">80181818</color>
    <color name="dialog_fg_30">4d181818</color>
    <color name="dialog_fg_12">1f181818</color>

</colors>
