<?xml version="1.0" encoding="UTF-8"?>
<window type="dialog" id="1159">
    <defaultcontrol always="true">9000</defaultcontrol>
    <controls>
        <include>Global_Overlay</include>
        <control type="group">
            <include content="Dialog_Standard_Group">
                <param name="width" value="820" />
                <param name="height" value="793" />
            </include>

            <control type="label">
                <description>Header Label</description>
                <label>[CAPITALIZE]$LOCALIZE[31929][/CAPITALIZE]</label> <!-- Cast & More Details -->
                <include>Dialog_Standard_Header</include>
            </control>

            <control type="grouplist" id="9000">
                <description>Control Area</description>
                <right>20</right>
                <width>780</width>
                <top>100</top>
                <height>672</height>
                <itemgap>10</itemgap>
                <orientation>vertical</orientation>
                <pagecontrol>60</pagecontrol>
                <usecontrolcoords>true</usecontrolcoords>
		<onup>9000</onup>
		<ondown>9000</ondown>
                <control type="radiobutton" id="9001">
                    <label>$LOCALIZE[31930]</label> <!-- Season flags -->
                    <radioposx>730</radioposx>
                    <include>Dialog_Standard_ListButton</include>
                    <onclick>Skin.ToggleSetting(CastAndMoreDetails.SeasonFlags)</onclick>
                    <selected>Skin.HasSetting(CastAndMoreDetails.SeasonFlags)</selected>
                </control>
                <control type="radiobutton" id="9002">
                    <label>$LOCALIZE[31931]</label> <!-- Episode flags -->
                    <radioposx>730</radioposx>
                    <include>Dialog_Standard_ListButton</include>
                    <onclick>Skin.ToggleSetting(CastAndMoreDetails.EpisodeFlags)</onclick>
                    <selected>Skin.HasSetting(CastAndMoreDetails.EpisodeFlags)</selected>
                </control>
            </control>
        </control>
    </controls>
</window>
