<?xml version="1.0" encoding="UTF-8"?>
<window type="dialog" id="1158">
    <defaultcontrol always="true">9000</defaultcontrol>
    <controls>
        <include>Global_Overlay</include>
        <control type="group">
            <include content="Dialog_Standard_Group">
                <param name="width" value="820" />
                <param name="height" value="793" />
            </include>

            <control type="label">
                <description>Header Label</description>
                <label>[CAPITALIZE]$LOCALIZE[31631][/CAPITALIZE]</label> <!-- Netflix VideoInfo Settings -->
                <include>Dialog_Standard_Header</include>
            </control>

            <control type="grouplist" id="9000">
                <description>Control Area</description>
                <right>20</right>
                <width>780</width>
                <top>100</top>
                <height>672</height>
                <itemgap>10</itemgap>
                <orientation>vertical</orientation>
                <pagecontrol>60</pagecontrol>
                <usecontrolcoords>true</usecontrolcoords>
		<onup>9000</onup>
		<ondown>9000</ondown>
                <control type="button" id="9001" description="Configure Buttons">
                    <include>Dialog_Standard_ListButton</include>
                    <label>$LOCALIZE[31632]</label> <!-- Configure Buttons -->
                    <onclick>ActivateWindow(1157,return)</onclick>
                </control>
                <control type="button" id="9002" description="Configure Lists">
                    <include>Dialog_Standard_ListButton</include>
                    <label>$LOCALIZE[31633]</label> <!-- Configure Lists -->
                    <onclick>ActivateWindow(1119,return)</onclick>
                </control>
                <control type="button" id="90021" description="Configure Cast & More Details">
                    <include>Dialog_Standard_ListButton</include>
                    <label>$LOCALIZE[31928]</label> <!-- Configure Cast & More Details -->
                    <onclick>ActivateWindow(1159,return)</onclick>
                </control>
                <control type="radiobutton" id="9003">
                    <label>$LOCALIZE[31634]</label> <!-- Hide Details when Trailer playing -->
                    <radioposx>730</radioposx>
                    <include>Dialog_Standard_ListButton</include>
                    <onclick>Skin.ToggleSetting(VideoInfo.HideTrailer)</onclick>
                    <selected>Skin.HasSetting(VideoInfo.HideTrailer)</selected>
                </control>
                <control type="radiobutton" id="9004">
                    <label>$LOCALIZE[31635]</label> <!-- Use Large Plot -->
                    <radioposx>730</radioposx>
                    <include>Dialog_Standard_ListButton</include>
                    <onclick>Skin.ToggleSetting(VideoInfo.LargePlot)</onclick>
                    <selected>Skin.HasSetting(VideoInfo.LargePlot)</selected>
                </control>
                <control type="radiobutton" id="9005">
                    <label>$LOCALIZE[31922]</label> <!-- Enable Previous/Next page buttons in Lists -->
                    <radioposx>730</radioposx>
                    <include>Dialog_Standard_ListButton</include>
                    <onclick>Skin.ToggleSetting(VideoInfo.Pagination)</onclick>
                    <selected>Skin.HasSetting(VideoInfo.Pagination)</selected>
                </control>
            </control>
        </control>
    </controls>
</window>
