<?xml version="1.0" encoding="utf-8"?>
<includes>


    <include name="widgetslide_animation">
       <param name="id" default="$PARAM[id]" />
       <param name="InfoSlide" default="$PARAM[InfoSlide]" />
       <param name="postercondition" default="$PARAM[postercondition]" />
       <param name="landscapecondition" default="$PARAM[landscapecondition]" />
     <definition>
        <animation  effect="slide" start="0,0" end="984.44,0" time="400" reversible="false" condition="$PARAM[postercondition] + Control.HasFocus($PARAM[id]) +!String.IsEmpty(Window(Home).Property(widgetslide))">Conditional</animation>
        <animation  effect="slide" start="0,0" end="625,0" time="400" reversible="false" condition="$PARAM[landscapecondition] + Control.HasFocus($PARAM[id]) +!String.IsEmpty(Window(Home).Property(widgetslide))">Conditional</animation>
     </definition>
    </include>

  <include name="spotlight_animations">
        <animation effect="slide" start="0,0" end="0,640" time="0" reversible="false" condition="Skin.HasSetting(DisableMenuHor) + [$EXP[TVSpotlight] | $EXP[MovieSpotlight] | $EXP[LiveTVSpotlight]] + $EXP[HomeSpotFocusContainers]">Conditional</animation>
        <animation effect="slide" start="0,0" end="0,680" time="0" reversible="false" condition="!Skin.HasSetting(DisableMenuHor) + [$EXP[TVSpotlight] | $EXP[MovieSpotlight] | $EXP[LiveTVSpotlight]] + $EXP[HomeSpotFocusContainers]">Conditional</animation>
        <animation effect="slide" start="0,0" end="0,420" time="0" reversible="false" condition="[$EXP[NextUpTVSpotlight]] + $EXP[HomeSpotFocusContainers]">Conditional</animation>
        <!--Slide Submenu + Widgets up when Spotlights enabled and Widgets focused. -->
        <animation effect="slide" start="0,0" end="0,-750" time="700" tween="linear" reversible="true" condition="Skin.HasSetting(DisableMenuHor) + [$EXP[TVSpotlight] | $EXP[MovieSpotlight] | $EXP[LiveTVSpotlight]] + $EXP[HomeSpotscrolldown]">Conditional</animation>
        <animation effect="slide" start="0,0" end="0,-680" time="700" tween="linear" reversible="true" condition="!Skin.HasSetting(DisableMenuHor) + [$EXP[TVSpotlight] | $EXP[MovieSpotlight] | $EXP[LiveTVSpotlight]] + $EXP[HomeSpotscrolldown]">Conditional</animation>
        <animation effect="slide" start="0,0" end="0,-450" time="700" tween="linear" reversible="true" condition="[$EXP[NextUpTVSpotlight]] + $EXP[HomeSpotscrolldown]">Conditional</animation>
 </include>

 <include name="widget_animations">
       <animation effect="slide" start="0,0" end="0,750" time="0" reversible="false" condition="Skin.HasSetting(DisableMenuHor) + [$EXP[TVSpotlight] | $EXP[MovieSpotlight] | $EXP[LiveTVSpotlight]] + $EXP[HomeSpotFocusContainers]">Conditional</animation>
       <animation effect="slide" start="0,0" end="0,650" time="0" reversible="false" condition="!Skin.HasSetting(DisableMenuHor) + [$EXP[TVSpotlight] | $EXP[MovieSpotlight] | $EXP[LiveTVSpotlight]] + $EXP[HomeSpotFocusContainers]">Conditional</animation>
       <animation effect="slide" start="0,0" end="0,420" time="0" reversible="false" condition="[$EXP[NextUpTVSpotlight]] + $EXP[HomeSpotFocusContainers]">Conditional</animation>
       <!--Slide Submenu + Widgets up when Spotlights enabled and Widgets focused. -->
       <animation effect="slide" start="0,0" end="0,-750" time="700" tween="linear" reversible="true" condition="Skin.HasSetting(DisableMenuHor) + [$EXP[TVSpotlight] | $EXP[MovieSpotlight] | $EXP[LiveTVSpotlight]] + $EXP[HomeSpotscrolldown]">Conditional</animation>
       <animation effect="slide" start="0,0" end="0,-650" time="700" tween="linear" reversible="true" condition="!Skin.HasSetting(DisableMenuHor) + [$EXP[TVSpotlight] | $EXP[MovieSpotlight] | $EXP[LiveTVSpotlight]] + $EXP[HomeSpotscrolldown]">Conditional</animation>
       <animation effect="slide" start="0,0" end="0,-450" time="700" tween="linear" reversible="true" condition="[$EXP[NextUpTVSpotlight]] + $EXP[HomeSpotscrolldown]">Conditional</animation>
</include>

  <include name="showcase_animations">
    <param name="id" default="$PARAM[id]" />
    <param name="postercondition" default="false" />
    <param name="landscapecondition" default="false" />
    <param name="landscapepanelcondition" default="false" />
    <param name="Showcase" default="false" />
    <param name="Showcasehide" default="true" />
    <definition>
        <animation effect="slide" end="640,0" time="0" reversible="false" sine="inout" condition="$PARAM[Showcase] + $PARAM[Showcasehide] + $PARAM[landscapepanelcondition] + Control.HasFocus($PARAM[id])">Conditional</animation>
        <animation effect="slide" end="640,0" time="0" reversible="false" sine="inout" condition="$PARAM[Showcase] + !$PARAM[Showcasehide] + $PARAM[landscapepanelcondition]">Conditional</animation>
        <animation effect="slide" end="630,0" time="0" reversible="false" sine="inout" condition="$PARAM[Showcase] + $PARAM[Showcasehide] + $PARAM[landscapecondition] + Control.HasFocus($PARAM[id])">Conditional</animation>
        <animation effect="slide" end="630,0" time="0" reversible="false" sine="inout" condition="$PARAM[Showcase] + !$PARAM[Showcasehide] +  $PARAM[landscapecondition]">Conditional</animation>
        <animation effect="zoom" start="100,100" end="130,100" time="0" reversible="false" sine="inout" condition="$PARAM[Showcase] + $PARAM[Showcasehide] + $PARAM[landscapepanelcondition] + !Control.HasFocus($PARAM[id])">Conditional</animation>
        <animation effect="slide" end="-20,0" time="0" reversible="false" sine="inout" condition="$PARAM[Showcase] + $PARAM[Showcasehide] + $PARAM[landscapepanelcondition] + !Control.HasFocus($PARAM[id])">Conditional</animation>
        <animation effect="slide" end="630,0" time="500" reversible="false" sine="inout" condition="$PARAM[Showcase] + $PARAM[Showcasehide] + $PARAM[postercondition] + Control.HasFocus($PARAM[id])">Conditional</animation>
        <animation effect="slide" end="630,0" time="500" reversible="false" sine="inout" condition="$PARAM[Showcase] + !$PARAM[Showcasehide] + $PARAM[postercondition]">Conditional</animation>
    </definition>
   </include>

  <include name="animation_image_zoom">
    <animation effect="zoom" start="100" end="130" center="auto" time="15000" tween="cubic" easing="inout" pulse="true" condition="Skin.HasSetting(animation_bg)">Conditional</animation>
    <animation effect="slide" start="-8,-8" end="15,15" time="6000" tween="cubic" easing="inout" pulse="true" condition="Skin.HasSetting(animation_bg)">Conditional</animation>
  </include>
  <include name="Animation_FadeOut_Delay">
    <animation effect="fade" end="0" start="100" time="1" delay="300">Hidden</animation>
  </include>
  <include name="Animation_FocusBounce_Home">
    <animation type="Focus" condition="!Skin.HasSetting(BounceAnimations)" reversible="false">
      <effect type="zoom" end="115" time="75" tween="sine" easing="out" center="auto" />
      <effect type="zoom" end="86.9565217" time="225" tween="sine" delay="100" easing="out" center="auto" />
    </animation>
  </include>
  <include name="Animation_Home_Textbar_Slideover">
    <animation effect="slide" start="0" end="-301" time="300" tween="sine" easing="inout" condition="[![Control.HasFocus(300) | Control.HasFocus(3904) | Control.HasFocus(3901) | Control.HasFocus(3902) | Control.HasFocus(3903)] + !Control.HasFocus(302)] | [!Control.HasFocus(302) + !Skin.HasSetting(IconOnlyMode)]">Conditional</animation>
    <animation effect="slide" start="0" end="-301" time="300" tween="sine" easing="inout" condition="[[Control.HasFocus(300) | Control.HasFocus(3904) | Control.HasFocus(3901) | Control.HasFocus(3902) | Control.HasFocus(3903)] | Control.HasFocus(302)] + !Window.IsNext(Home) + ![!Control.HasFocus(302) + !Skin.HasSetting(IconOnlyMode)]">WindowClose</animation>
  </include>
  <include name="AutoTrailerButton">
    <control type="button">
      <visible allowhiddenfocus="true">false</visible>
      <!-- <onfocus>RunScript(script.skin.helper.service,action=fileexists,file=$INFO[listitem.path,,theme.mp3],winprop=osttheme_avail)</onfocus> -->
      <onfocus condition="!Player.HasVideo">AlarmClock(trailer_delay,PlayMedia($INFO[ListItem.Trailer],false,1),00:04,silent)</onfocus>
      <onfocus condition="!Player.HasVideo">SetProperty(trailer_trailerwillplaying,true,home)</onfocus>
      <onunfocus condition="System.HasAlarm(trailer_delay)">CancelAlarm(trailer_delay,true)</onunfocus>
      <onunfocus condition="Player.HasVideo + ![VideoPlayer.Content(movies) | VideoPlayer.Content(episodes) | VideoPlayer.Content(musicvideos) | VideoPlayer.Content(livetv)]">PlayerControl(Stop)</onunfocus>
      <onunfocus>ClearProperty(TrailerPlaying)</onunfocus>
      <onunfocus condition="!String.IsEmpty(Window(home).Property(trailer_trailerwillplaying))">ClearProperty(trailer_trailerwillplaying)</onunfocus>
    </control>
  </include>
  <!-- Trailer on down button @cartmandos -->
  <include name="trailer_down">
    <!-- play yt trailer if scraped empty -->
    <ondown condition="!Control.IsVisible(509) + Skin.HasSetting(EnableTrailerOnDown) + !Player.HasVideo + !String.IsEmpty(ListItem.Trailer)">PlayMedia($INFO[ListItem.Trailer],false,1)</ondown>
    <!-- get fullscreen , <tab>FullScreen</tab> -->
    <ondown condition="!Control.IsVisible(509) + Skin.HasSetting(EnableTrailerOnDown) + Player.HasVideo">Stop</ondown>
  </include>

  <include name="trailer_down5055">
    <!-- play yt trailer if scraped empty -->
    <ondown condition="!Control.IsVisible(509) + Skin.HasSetting(EnableTrailerOnDown) + !Player.HasVideo + !String.IsEmpty(Container(5055).ListItem.Trailer)">PlayMedia($INFO[Container(5055).ListItem.Trailer],false,1)</ondown>
    <ondown condition="!Control.IsVisible(509) + !Skin.HasSetting(EnableTrailerOnDown)">9601</ondown>
    <!-- get fullscreen , <tab>FullScreen</tab> -->
    <ondown condition="!Control.IsVisible(509) + Skin.HasSetting(EnableTrailerOnDown) + Player.HasVideo">fullscreen</ondown>
    <onup condition="!Control.IsVisible(509) + Skin.HasSetting(EnableTrailerOnDown) + Player.HasVideo">Stop</onup>
  </include>
  <include name="Animation_FocusBounce">
    <animation type="Focus" condition="!Skin.HasSetting(BounceAnimations)" reversible="false">
      <effect type="zoom" end="110" time="75" tween="sine" easing="out" center="auto" />
      <effect type="zoom" end="90.9090909" time="225" tween="sine" delay="100" easing="out" center="auto" />
    </animation>
  </include>
  <include name="Animation_FocusBounce_Small">
    <animation type="Focus" condition="!Skin.HasSetting(BounceAnimations)" reversible="false">
      <effect type="zoom" end="105" time="75" tween="sine" easing="out" center="auto" />
      <effect type="zoom" end="95.2380952" time="225" tween="sine" delay="100" easing="out" center="auto" />
    </animation>
  </include>
  <include name="Animation_FocusBounce_Large">
    <animation type="Focus" condition="!Skin.HasSetting(BounceAnimations)" reversible="false">
      <effect type="zoom" end="115" time="75" tween="sine" easing="out" center="auto" />
      <effect type="zoom" end="86.9565217" time="225" tween="sine" delay="100" easing="out" center="auto" />
    </animation>
  </include>
  <include name="Animation_Left">
    <animation type="Visible" reversible="false">
      <effect type="fade" start="0" end="100" time="300" tween="sine" easing="out" />
      <effect type="slide" start="-320" end="0" time="400" tween="cubic" easing="out" />
    </animation>
    <animation type="Hidden" reversible="false">
      <effect type="fade" start="100" end="0" time="300" tween="sine" easing="out" />
      <effect type="slide" start="0" end="-320" time="300" tween="cubic" easing="out" />
    </animation>
    <animation type="WindowOpen" reversible="false">
      <effect type="fade" start="0" end="100" time="300" tween="sine" easing="out" />
      <effect type="slide" start="-320" end="0" time="400" tween="cubic" easing="out" />
    </animation>
    <animation type="WindowClose" reversible="false">
      <effect type="fade" start="100" end="0" time="300" tween="sine" easing="out" />
      <effect type="slide" start="0" end="-320" time="300" tween="cubic" easing="out" />
    </animation>
  </include>
  <include name="Animation_Right">
    <animation type="Visible" reversible="false">
      <effect type="fade" start="0" end="100" time="300" tween="sine" easing="out" />
    </animation>
    <animation type="Hidden" reversible="false">
      <effect type="fade" start="100" end="0" time="300" tween="sine" easing="out" />
    </animation>
    <animation type="WindowOpen" reversible="false">
      <effect type="fade" start="0" end="100" time="300" tween="sine" easing="out" />
    </animation>
    <animation type="WindowClose" reversible="false">
      <effect type="fade" start="100" end="0" time="300" tween="sine" easing="out" />
    </animation>
  </include>
  <include name="Animation_Right_Delay">
    <animation type="Visible" reversible="false">
      <effect type="fade" start="0" end="100" time="300" delay="400" tween="sine" easing="out" />
      <effect type="slide" start="320" end="0" time="400" delay="400" tween="cubic" easing="out" />
    </animation>
    <animation type="Hidden" reversible="false">
      <effect type="fade" start="100" end="0" time="300" tween="sine" easing="out" />
      <effect type="slide" start="0" end="320" time="300" tween="cubic" easing="out" />
    </animation>
    <animation type="WindowOpen" reversible="false">
      <effect type="fade" start="0" end="100" time="300" delay="400" tween="sine" easing="out" />
      <effect type="slide" start="320" end="0" time="400" delay="400" tween="cubic" easing="out" />
    </animation>
    <animation type="WindowClose" reversible="false">
      <effect type="fade" start="100" end="0" time="300" tween="sine" easing="out" />
      <effect type="slide" start="0" end="320" time="300" tween="cubic" easing="out" />
    </animation>
  </include>
  <include name="Animation_FadeInOut">
    <animation effect="fade" start="0" end="100" time="350" tween="cubic" easing="inout">Visible</animation>
    <animation effect="fade" start="100" end="0" time="350" tween="cubic" easing="inout">Hidden</animation>
  </include>
  <include name="Animation_FadeIn">
    <animation effect="fade" start="0" end="100" time="350" tween="cubic" easing="inout">Visible</animation>
    <animation effect="fade" start="0" end="100" time="350" tween="cubic" easing="inout">WindowOpen</animation>
  </include>
  <include name="Animation_FadeIn_Delay">
    <animation effect="fade" start="0" end="100" time="350" tween="cubic" easing="inout" reversible="false" delay="150">Visible</animation>
  </include>
  <include name="Animation_ZoomIn">
    <animation type="WindowOpen" reversible="false">
      <effect type="fade" start="0" end="100" time="300" tween="sine" easing="in" />
      <effect type="zoom" start="80" end="100" time="300" center="auto" tween="quadratic" easing="out" />
    </animation>
    <animation type="Visible" reversible="false">
      <effect type="fade" start="0" end="100" time="300" tween="sine" easing="in" />
      <effect type="zoom" start="80" end="100" time="300" center="auto" tween="quadratic" easing="out" />
    </animation>
  </include>
  <include name="Animation_FadeIn_Slide">
    <animation type="Visible" reversible="false">
      <effect type="fade" start="0" end="100" time="300" delay="150" />
      <effect type="slide" start="0,-48" end="0" center="auto" tween="back" easing="out" time="450" delay="150" />
    </animation>
    <animation type="WindowOpen" reversible="false">
      <effect type="fade" start="0" end="100" time="300" delay="150" />
      <effect type="slide" start="0,-48" end="0" center="auto" tween="back" easing="out" time="450" delay="150" />
    </animation>
  </include>
  <include name="Animation_FadeIn_SlideUp">
    <animation type="Visible" reversible="false">
      <effect type="fade" start="0" end="100" time="300" delay="150" />
      <effect type="slide" start="0,48" end="0" center="auto" tween="back" easing="out" time="450" delay="150" />
    </animation>
    <animation type="WindowOpen" reversible="false">
      <effect type="fade" start="0" end="100" time="300" delay="150" />
      <effect type="slide" start="0,48" end="0" center="auto" tween="back" easing="out" time="450" delay="150" />
    </animation>
  </include>
  <include name="Animation_FadeOut">
    <animation effect="fade" end="0" start="100" time="150">Hidden</animation>
    <animation effect="fade" end="0" start="100" time="150">WindowClose</animation>
  </include>
</includes>
