<?xml version="1.0" encoding="UTF-8" standalone="yes"?>
<addon id="repository.jellyfin.kodi" name="Kodi Jellyfin Addons" version="1.0.0" provider-name="null_pointer,angelblue05,sualfred,im85288,xnappo">
  <requires>
    <import addon="xbmc.addon" version="12.0.0"/>
  </requires>
  <extension point="xbmc.addon.repository" name="Kodi Jellyfin Repository">
    <dir>
      <info compressed="false">https://repo.jellyfin.org/releases/client/kodi/addons.xml</info>
      <checksum>https://repo.jellyfin.org/releases/client/kodi/addons.xml.md5</checksum>
      <datadir zip="true">https://repo.jellyfin.org/releases/client/kodi</datadir>
    </dir>
  </extension>
  <extension point="xbmc.addon.metadata">
    <summary>Kodi Jellyfin Addon Repository</summary>
    <description>This repo contains addons related to the Jellyfin project</description>
    <disclaimer></disclaimer>
    <platform>all</platform>
    <assets>
      <icon>resources/icon.png</icon>
      <fanart>resources/fanart.jpg</fanart>
    </assets>
  </extension>
</addon>
