<?xml version="1.0" encoding="UTF-8" standalone="yes"?>
<addon id="plugin.video.eagle.ace" name="[COLORskyblue]Eagle [COLORbrown]Ace[/COLOR]" version="1.5" provider-name="[COLOR orange]@by_black_eagle[/COLOR]">
  <requires>
    <import addon="xbmc.python" version="3.0.0" /> <!-- Kodi en Python 3 -->
    <import addon="script.module.requests" version="2.22.0" /> <!-- Compatible con Python 3 -->
  </requires>
  <extension point="xbmc.python.pluginsource" library="addon.py">
    <provides>video</provides>
  </extension>
  <extension point="xbmc.addon.metadata">
<summary>Canais de Televisão, desportos e mais...</summary>
		<description lang="en">[COLOR red]Eagle Acel[/COLOR] [COLORorange][/COLOR] [COLORorange]é um addon da familia Arrow Negra.TODOS OS LINKS ESTÃO DISPONIVEIS NA INTERNET![/COLOR]</description>
		<platform>all</platform>
		<assets>
       <icon>icon.png</icon>
       <fanart>fanart.jpg</fanart>
       <screenshot>resources/screenshots/1.jpg</screenshot>
       <screenshot>resources/screenshots/2.jpg</screenshot>
       <screenshot>resources/screenshots/3.jpg</screenshot>
    </assets>
</extension>
</addon>
